-- BP 4.0 locale: English_United States.1252

INSERT INTO S_DOM
	VALUES (166690,
	'as',
	'',
	1,
	1);
INSERT INTO S_CDT
	VALUES (524289,
	0);
INSERT INTO S_DT
	VALUES (524289,
	166690,
	'void',
	'');
INSERT INTO S_CDT
	VALUES (524290,
	1);
INSERT INTO S_DT
	VALUES (524290,
	166690,
	'boolean',
	'');
INSERT INTO S_CDT
	VALUES (524291,
	2);
INSERT INTO S_DT
	VALUES (524291,
	166690,
	'integer',
	'');
INSERT INTO S_CDT
	VALUES (524292,
	3);
INSERT INTO S_DT
	VALUES (524292,
	166690,
	'real',
	'');
INSERT INTO S_CDT
	VALUES (524293,
	4);
INSERT INTO S_DT
	VALUES (524293,
	166690,
	'string',
	'');
INSERT INTO S_CDT
	VALUES (524294,
	5);
INSERT INTO S_DT
	VALUES (524294,
	166690,
	'unique_id',
	'');
INSERT INTO S_CDT
	VALUES (524295,
	6);
INSERT INTO S_DT
	VALUES (524295,
	166690,
	'state<State_Model>',
	'');
INSERT INTO S_CDT
	VALUES (524296,
	7);
INSERT INTO S_DT
	VALUES (524296,
	166690,
	'same_as<Base_Attribute>',
	'');
INSERT INTO S_CDT
	VALUES (524297,
	8);
INSERT INTO S_DT
	VALUES (524297,
	166690,
	'inst_ref<Object>',
	'');
INSERT INTO S_CDT
	VALUES (524298,
	9);
INSERT INTO S_DT
	VALUES (524298,
	166690,
	'inst_ref_set<Object>',
	'');
INSERT INTO S_CDT
	VALUES (524299,
	10);
INSERT INTO S_DT
	VALUES (524299,
	166690,
	'inst<Event>',
	'');
INSERT INTO S_CDT
	VALUES (524300,
	11);
INSERT INTO S_DT
	VALUES (524300,
	166690,
	'inst<Mapping>',
	'');
INSERT INTO S_CDT
	VALUES (524301,
	12);
INSERT INTO S_DT
	VALUES (524301,
	166690,
	'inst_ref<Mapping>',
	'');
INSERT INTO S_UDT
	VALUES (524302,
	524300,
	1);
INSERT INTO S_DT
	VALUES (524302,
	166690,
	'date',
	'');
INSERT INTO S_UDT
	VALUES (524303,
	524300,
	2);
INSERT INTO S_DT
	VALUES (524303,
	166690,
	'timestamp',
	'');
INSERT INTO S_UDT
	VALUES (524304,
	524301,
	3);
INSERT INTO S_DT
	VALUES (524304,
	166690,
	'inst_ref<Timer>',
	'');
INSERT INTO S_UDT
	VALUES (524305,
	524293,
	0);
INSERT INTO S_DT
	VALUES (524305,
	166690,
	'position',
	'Enumeration: TRUE
Enumerator0: up
Enumerator1: down');
INSERT INTO S_UDT
	VALUES (524306,
	524291,
	0);
INSERT INTO S_DT
	VALUES (524306,
	166690,
	'ubyte_t',
	'');
INSERT INTO S_UDT
	VALUES (524307,
	524291,
	0);
INSERT INTO S_DT
	VALUES (524307,
	166690,
	'byte_t',
	'');
INSERT INTO S_EE
	VALUES (524293,
	'Time',
	'',
	'TIM',
	166690);
INSERT INTO S_BRG
	VALUES (524323,
	524293,
	'current_date',
	'',
	1,
	524302);
INSERT INTO S_BRG
	VALUES (524324,
	524293,
	'create_date',
	'',
	1,
	524302);
INSERT INTO S_BPARM
	VALUES (524344,
	524324,
	'second',
	524291);
INSERT INTO S_BPARM
	VALUES (524345,
	524324,
	'minute',
	524291);
INSERT INTO S_BPARM
	VALUES (524346,
	524324,
	'hour',
	524291);
INSERT INTO S_BPARM
	VALUES (524347,
	524324,
	'day',
	524291);
INSERT INTO S_BPARM
	VALUES (524348,
	524324,
	'month',
	524291);
INSERT INTO S_BPARM
	VALUES (524349,
	524324,
	'year',
	524291);
INSERT INTO S_BRG
	VALUES (524325,
	524293,
	'get_second',
	'',
	1,
	524291);
INSERT INTO S_BPARM
	VALUES (524350,
	524325,
	'date',
	524302);
INSERT INTO S_BRG
	VALUES (524326,
	524293,
	'get_minute',
	'',
	1,
	524291);
INSERT INTO S_BPARM
	VALUES (524351,
	524326,
	'date',
	524302);
INSERT INTO S_BRG
	VALUES (524327,
	524293,
	'get_hour',
	'',
	1,
	524291);
INSERT INTO S_BPARM
	VALUES (524352,
	524327,
	'date',
	524302);
INSERT INTO S_BRG
	VALUES (524328,
	524293,
	'get_day',
	'',
	1,
	524291);
INSERT INTO S_BPARM
	VALUES (524353,
	524328,
	'date',
	524302);
INSERT INTO S_BRG
	VALUES (524329,
	524293,
	'get_month',
	'',
	1,
	524291);
INSERT INTO S_BPARM
	VALUES (524354,
	524329,
	'date',
	524302);
INSERT INTO S_BRG
	VALUES (524330,
	524293,
	'get_year',
	'',
	1,
	524291);
INSERT INTO S_BPARM
	VALUES (524355,
	524330,
	'date',
	524302);
INSERT INTO S_BRG
	VALUES (524331,
	524293,
	'current_clock',
	'',
	1,
	524303);
INSERT INTO S_BRG
	VALUES (524332,
	524293,
	'timer_start',
	'',
	1,
	524304);
INSERT INTO S_BPARM
	VALUES (524356,
	524332,
	'microseconds',
	524291);
INSERT INTO S_BPARM
	VALUES (524357,
	524332,
	'event_inst',
	524299);
INSERT INTO S_BRG
	VALUES (524333,
	524293,
	'timer_start_recurring',
	'',
	1,
	524304);
INSERT INTO S_BPARM
	VALUES (524358,
	524333,
	'microseconds',
	524291);
INSERT INTO S_BPARM
	VALUES (524359,
	524333,
	'event_inst',
	524299);
INSERT INTO S_BRG
	VALUES (524334,
	524293,
	'timer_remaining_time',
	'',
	1,
	524291);
INSERT INTO S_BPARM
	VALUES (524360,
	524334,
	'timer_inst_ref',
	524304);
INSERT INTO S_BRG
	VALUES (524335,
	524293,
	'timer_reset_time',
	'',
	1,
	524290);
INSERT INTO S_BPARM
	VALUES (524361,
	524335,
	'timer_inst_ref',
	524304);
INSERT INTO S_BPARM
	VALUES (524362,
	524335,
	'microseconds',
	524291);
INSERT INTO S_BRG
	VALUES (524336,
	524293,
	'timer_add_time',
	'',
	1,
	524290);
INSERT INTO S_BPARM
	VALUES (524363,
	524336,
	'timer_inst_ref',
	524304);
INSERT INTO S_BPARM
	VALUES (524364,
	524336,
	'microseconds',
	524291);
INSERT INTO S_BRG
	VALUES (524337,
	524293,
	'timer_cancel',
	'',
	1,
	524290);
INSERT INTO S_BPARM
	VALUES (524365,
	524337,
	'timer_inst_ref',
	524304);
INSERT INTO S_EE
	VALUES (524294,
	'PIO_1',
	'//ACTION_SPECIFICATION: TRUE
generate C2:there ( carousel );',
	'CARPIO',
	166690);
INSERT INTO S_BRG
	VALUES (524338,
	524294,
	'current_position',
	'//ACTION_SPECIFICATION: TRUE
select any car from instances of C 
	where selected.carousel_ID == param.car_id;
return car.destination;
',
	0,
	524291);
INSERT INTO S_BPARM
	VALUES (524366,
	524338,
	'car_id',
	524291);
INSERT INTO S_BRG
	VALUES (524339,
	524294,
	'carousel_spin',
	'//ACTION_SPECIFICATION: TRUE
select any car from instances of C
	where selected.carousel_ID == param.car_id;
generate C2:there to car;',
	0,
	524289);
INSERT INTO S_BPARM
	VALUES (524367,
	524339,
	'destination',
	524291);
INSERT INTO S_BPARM
	VALUES (524368,
	524339,
	'car_id',
	524291);
INSERT INTO S_EEM
	VALUES (524291,
	524294,
	6,
	524291);
INSERT INTO S_EE
	VALUES (524295,
	'PIO_2',
	'',
	'SPPIO',
	166690);
INSERT INTO S_BRG
	VALUES (524340,
	524295,
	'raise_needle',
	'//ACTION_SPECIFICATION: TRUE
select any probe from instances of SP
	where selected.probe_ID == param.probe_id;
generate SP3:probe_in_position to probe;
return "up";',
	0,
	524293);
INSERT INTO S_BPARM
	VALUES (524369,
	524340,
	'radial_position',
	524291);
INSERT INTO S_BPARM
	VALUES (524370,
	524340,
	'theta_offset',
	524291);
INSERT INTO S_BPARM
	VALUES (524371,
	524340,
	'probe_id',
	524291);
INSERT INTO S_BRG
	VALUES (524341,
	524295,
	'lower_needle',
	'//ACTION_SPECIFICATION: TRUE
select any probe from instances of SP
	where selected.probe_ID == param.probe_id;
generate SP3:probe_in_position to probe;
return "down";',
	0,
	524293);
INSERT INTO S_BPARM
	VALUES (524372,
	524341,
	'radial_position',
	524291);
INSERT INTO S_BPARM
	VALUES (524373,
	524341,
	'theta_offset',
	524291);
INSERT INTO S_BPARM
	VALUES (524374,
	524341,
	'probe_id',
	524291);
INSERT INTO S_EEM
	VALUES (524292,
	524295,
	6,
	524291);
INSERT INTO S_SS
	VALUES (524291,
	'autosampler',
	'',
	'',
	1,
	166690);
INSERT INTO O_OBJ
	VALUES (524295,
	'carousel',
	1,
	'CAR',
	'',
	524291);
INSERT INTO O_NBATTR
	VALUES (524314,
	524295);
INSERT INTO O_BATTR
	VALUES (524314,
	524295);
INSERT INTO O_ATTR
	VALUES (524314,
	524295,
	0,
	'carousel_ID',
	'This is the identifier for the Carousel.',
	'',
	'carousel_ID',
	0,
	524306);
INSERT INTO O_NBATTR
	VALUES (524315,
	524295);
INSERT INTO O_BATTR
	VALUES (524315,
	524295);
INSERT INTO O_ATTR
	VALUES (524315,
	524295,
	524314,
	'destination',
	'Destination (integer 0-359)

Destination is the angular position in degrees of a the
carousel in relation to an arbitrary reference point on
the case of the autosampler.',
	'',
	'destination',
	0,
	524291);
INSERT INTO O_NBATTR
	VALUES (524316,
	524295);
INSERT INTO O_BATTR
	VALUES (524316,
	524295);
INSERT INTO O_ATTR
	VALUES (524316,
	524295,
	524315,
	'current_position',
	'Current Position (integer 0-359)

Current_position is the current angular position in degrees
of the the carousel.  Current_position is only valid when
the carousel is at rest.',
	'',
	'current_position',
	0,
	524291);
INSERT INTO O_NBATTR
	VALUES (524317,
	524295);
INSERT INTO O_BATTR
	VALUES (524317,
	524295);
INSERT INTO O_ATTR
	VALUES (524317,
	524295,
	524316,
	'current_state',
	'',
	'',
	'current_state',
	0,
	524295);
INSERT INTO O_ID
	VALUES (0,
	524295);
INSERT INTO O_OIDA
	VALUES (524314,
	524295,
	0);
INSERT INTO O_RTIDA
	VALUES (524314,
	524295,
	0,
	524291,
	524294);
INSERT INTO SM_ISM
	VALUES (4194312,
	524295);
INSERT INTO SM_SM
	VALUES (4194312,
	'',
	8);
INSERT INTO SM_MOORE
	VALUES (4194312);
INSERT INTO SM_EVTDI
	VALUES (4194305,
	4194312,
	'current_position',
	'',
	524291);
INSERT INTO SM_EVTDI
	VALUES (4194306,
	4194312,
	'destination',
	'',
	524291);
INSERT INTO SM_SUPDT
	VALUES (4194305,
	4194312);
INSERT INTO SM_SUPDT
	VALUES (4194306,
	4194312);
INSERT INTO SM_SDI
	VALUES (4194306,
	4194306,
	4194312);
INSERT INTO SM_STATE
	VALUES (4194305,
	4194312,
	4194305,
	'resting',
	1,
	0);
INSERT INTO SM_EVT
	VALUES (4194305,
	4194312,
	4194306,
	1,
	'go',
	0,
	'',
	'CAR1',
	'');
INSERT INTO SM_SEME
	VALUES (4194305,
	4194305,
	4194312,
	4194306);
INSERT INTO SM_EVT
	VALUES (4194306,
	4194312,
	4194305,
	2,
	'there',
	0,
	'',
	'CAR2',
	'');
INSERT INTO SM_EIGN
	VALUES (4194305,
	4194306,
	4194312,
	4194305,
	'');
INSERT INTO SM_SEME
	VALUES (4194305,
	4194306,
	4194312,
	4194305);
INSERT INTO SM_STATE
	VALUES (4194306,
	4194312,
	4194306,
	'going',
	2,
	0);
INSERT INTO SM_EIGN
	VALUES (4194306,
	4194305,
	4194312,
	4194306,
	'');
INSERT INTO SM_SEME
	VALUES (4194306,
	4194305,
	4194312,
	4194306);
INSERT INTO SM_SEME
	VALUES (4194306,
	4194306,
	4194312,
	4194305);
INSERT INTO SM_NSTXN
	VALUES (4194305,
	4194312,
	4194305,
	4194305,
	4194306);
INSERT INTO SM_TXN
	VALUES (4194305,
	4194312,
	4194306,
	4194306);
INSERT INTO SM_NSTXN
	VALUES (4194306,
	4194312,
	4194306,
	4194306,
	4194305);
INSERT INTO SM_TXN
	VALUES (4194306,
	4194312,
	4194305,
	4194305);
INSERT INTO SM_MOAH
	VALUES (4194305,
	4194312,
	4194305);
INSERT INTO SM_AH
	VALUES (4194305,
	4194312);
INSERT INTO SM_ACT
	VALUES (4194305,
	4194312,
	1,
	'self.current_position=CARPIO::current_position(car_id:self.carousel_ID);
if ( self.current_position != self.destination )
	//recover - an error recovery operation would be placed here
end if;
select one row related by self->ROW[R1];
generate ROW3:carousel_move_complete() to row;
');
INSERT INTO SM_MOAH
	VALUES (4194306,
	4194312,
	4194306);
INSERT INTO SM_AH
	VALUES (4194306,
	4194312);
INSERT INTO SM_ACT
	VALUES (4194306,
	4194312,
	1,
	'self.destination=rcvd_evt.destination;
delta = self.destination - self.current_position;
if ( delta ==0 )
	generate CAR2:there to self;
else
	select any probe from instances of SP
		where (selected.current_position  == "down");
	if (not_empty probe)
		generate CAR2:there to self;
	else
		CARPIO::carousel_spin( car_id:self.carousel_ID, destination:delta );
	end if;
end if;
');
INSERT INTO GD_MD
	VALUES (4194305,
	8,
	4194312,
	40);
INSERT INTO GD_GE
	VALUES (4194306,
	4194305,
	4194305,
	41);
INSERT INTO GD_SHP
	VALUES (4194306,
	1504,
	1296,
	2048,
	1504);
INSERT INTO GD_GE
	VALUES (4194307,
	4194305,
	4194306,
	41);
INSERT INTO GD_SHP
	VALUES (4194307,
	1504,
	1616,
	2048,
	1872);
INSERT INTO GD_GE
	VALUES (4194308,
	4194305,
	4194305,
	42);
INSERT INTO GD_CON
	VALUES (4194308,
	4194306,
	4194307,
	0);
INSERT INTO GD_CTXT
	VALUES (4194308,
	0,
	0,
	0,
	0,
	0,
	0,
	1831,
	1542,
	1982,
	1576,
	7,
	-3,
	0,
	0,
	0,
	0,
	0,
	0);
INSERT INTO GD_LS
	VALUES (4194309,
	4194308,
	1840,
	1504,
	1840,
	1616,
	0);
INSERT INTO GD_GE
	VALUES (4194310,
	4194305,
	4194306,
	42);
INSERT INTO GD_CON
	VALUES (4194310,
	4194307,
	4194306,
	0);
INSERT INTO GD_CTXT
	VALUES (4194310,
	0,
	0,
	0,
	0,
	0,
	0,
	1592,
	1549,
	1691,
	1583,
	-88,
	4,
	0,
	0,
	0,
	0,
	0,
	0);
INSERT INTO GD_LS
	VALUES (4194311,
	4194310,
	1696,
	1616,
	1696,
	1504,
	0);
INSERT INTO O_OBJ
	VALUES (524296,
	'row',
	2,
	'ROW',
	'',
	524291);
INSERT INTO O_TFR
	VALUES (524291,
	524296,
	'convert_dest',
	'//ACTION_SPECIFICATION: TRUE
select any row from instances of ROW
	where ( selected.radius == param.radius );
car_dest=(360 * ( param.next_sampling_position - 1 )  )  / row.maximum_sampling_positions;
return car_dest;
',
	524291);
INSERT INTO O_TPARM
	VALUES (524375,
	524291,
	'radius',
	524291);
INSERT INTO O_TPARM
	VALUES (524376,
	524291,
	'next_sampling_position',
	524291);
INSERT INTO O_NBATTR
	VALUES (524318,
	524296);
INSERT INTO O_BATTR
	VALUES (524318,
	524296);
INSERT INTO O_ATTR
	VALUES (524318,
	524296,
	0,
	'radius',
	'* radius (integer 0-200)

The radius is the radial distance of the vial holes
from the center of the carousel measured in millimeters.
The radius uniquely identifies the row.',
	'',
	'radius',
	0,
	524291);
INSERT INTO O_NBATTR
	VALUES (524319,
	524296);
INSERT INTO O_BATTR
	VALUES (524319,
	524296);
INSERT INTO O_ATTR
	VALUES (524319,
	524296,
	524318,
	'current_sampling_position',
	'- current_vial_position (integer 1-50)

The current_vial_position is the number of the vial
hole currently aligned under the sampling probe capable
of servicing this row.  The vial holes are numbered
sequencially starting with one.  Hole number one lines
up with an arbitrary reference point on the case of
the autosampler.',
	'',
	'current_sampling_position',
	0,
	524306);
INSERT INTO O_NBATTR
	VALUES (524320,
	524296);
INSERT INTO O_BATTR
	VALUES (524320,
	524296);
INSERT INTO O_ATTR
	VALUES (524320,
	524296,
	524319,
	'next_sampling_position',
	'- desired_vial_position (integer 1-50)

The desired_vial_position is the number of the vial
that currently "wants to be serviced" by the sampling
probe.',
	'',
	'next_sampling_position',
	0,
	524306);
INSERT INTO O_NBATTR
	VALUES (524321,
	524296);
INSERT INTO O_BATTR
	VALUES (524321,
	524296);
INSERT INTO O_ATTR
	VALUES (524321,
	524296,
	524320,
	'maximum_sampling_positions',
	'- vial_capacity (integer 1-50)

The vial_capacity is the maximum number of vials that
can be held in this row.',
	'',
	'maximum_sampling_positions',
	0,
	524306);
INSERT INTO O_REF
	VALUES (524296,
	524295,
	0,
	524314,
	524291,
	524295,
	524294,
	524322,
	524292,
	0,
	0,
	'');
INSERT INTO O_RATTR
	VALUES (524322,
	524296,
	524314,
	524295,
	1);
INSERT INTO O_ATTR
	VALUES (524322,
	524296,
	524321,
	'carousel_ID',
	'- carousel_ID (arbitrary)

See carousel_ID in carousel.',
	'',
	'carousel_ID',
	0,
	524296);
INSERT INTO O_NBATTR
	VALUES (524323,
	524296);
INSERT INTO O_BATTR
	VALUES (524323,
	524296);
INSERT INTO O_ATTR
	VALUES (524323,
	524296,
	524322,
	'sampling_time',
	'- sampling_time (time_type 0-999 seconds)

The sampling_time determines the duration of time a probe
spends collecting into or extracting out of a single
vial in this row.',
	'',
	'sampling_time',
	0,
	524291);
INSERT INTO O_NBATTR
	VALUES (524324,
	524296);
INSERT INTO O_BATTR
	VALUES (524324,
	524296);
INSERT INTO O_ATTR
	VALUES (524324,
	524296,
	524323,
	'needs_probe',
	'- needs_probe (boolean)

This indicates that a row needs a probe to service one
of its vials.  The value is used by the assigner.',
	'',
	'needs_probe',
	0,
	524290);
INSERT INTO O_NBATTR
	VALUES (524325,
	524296);
INSERT INTO O_BATTR
	VALUES (524325,
	524296);
INSERT INTO O_ATTR
	VALUES (524325,
	524296,
	524324,
	'current_state',
	'',
	'',
	'current_state',
	0,
	524295);
INSERT INTO O_ID
	VALUES (0,
	524296);
INSERT INTO O_OIDA
	VALUES (524318,
	524296,
	0);
INSERT INTO O_RTIDA
	VALUES (524318,
	524296,
	0,
	524292,
	524296);
INSERT INTO SM_ISM
	VALUES (4718601,
	524296);
INSERT INTO SM_SM
	VALUES (4718601,
	'',
	9);
INSERT INTO SM_MOORE
	VALUES (4718601);
INSERT INTO SM_EVTDI
	VALUES (4718593,
	4718601,
	'car_id',
	'',
	524291);
INSERT INTO SM_SUPDT
	VALUES (4718593,
	4718601);
INSERT INTO SM_STATE
	VALUES (4718593,
	4718601,
	4718593,
	'idle',
	1,
	0);
INSERT INTO SM_EVT
	VALUES (4718593,
	4718601,
	4718593,
	1,
	'probe_request',
	0,
	'',
	'ROW1',
	'');
INSERT INTO SM_SEME
	VALUES (4718593,
	4718593,
	4718601,
	4718593);
INSERT INTO SM_EVT
	VALUES (4718594,
	4718601,
	4718593,
	2,
	'probe_assigned',
	0,
	'',
	'ROW2',
	'');
INSERT INTO SM_EIGN
	VALUES (4718593,
	4718594,
	4718601,
	4718593,
	'');
INSERT INTO SM_SEME
	VALUES (4718593,
	4718594,
	4718601,
	4718593);
INSERT INTO SM_EVT
	VALUES (4718595,
	4718601,
	4718593,
	3,
	'carousel_move_complete',
	0,
	'',
	'ROW3',
	'');
INSERT INTO SM_EIGN
	VALUES (4718593,
	4718595,
	4718601,
	4718593,
	'');
INSERT INTO SM_SEME
	VALUES (4718593,
	4718595,
	4718601,
	4718593);
INSERT INTO SM_EVT
	VALUES (4718596,
	4718601,
	4718593,
	4,
	'sample_complete',
	0,
	'',
	'ROW4',
	'');
INSERT INTO SM_EIGN
	VALUES (4718593,
	4718596,
	4718601,
	4718593,
	'');
INSERT INTO SM_SEME
	VALUES (4718593,
	4718596,
	4718601,
	4718593);
INSERT INTO SM_EVT
	VALUES (4718597,
	4718601,
	4718593,
	5,
	'next_sample',
	0,
	'',
	'ROW5',
	'');
INSERT INTO SM_EIGN
	VALUES (4718593,
	4718597,
	4718601,
	4718593,
	'');
INSERT INTO SM_SEME
	VALUES (4718593,
	4718597,
	4718601,
	4718593);
INSERT INTO SM_EVT
	VALUES (4718598,
	4718601,
	4718593,
	6,
	'sampling_complete',
	0,
	'',
	'ROW6',
	'');
INSERT INTO SM_EIGN
	VALUES (4718593,
	4718598,
	4718601,
	4718593,
	'');
INSERT INTO SM_SEME
	VALUES (4718593,
	4718598,
	4718601,
	4718593);
INSERT INTO SM_STATE
	VALUES (4718594,
	4718601,
	4718593,
	'waiting',
	2,
	0);
INSERT INTO SM_EIGN
	VALUES (4718594,
	4718593,
	4718601,
	4718593,
	'');
INSERT INTO SM_SEME
	VALUES (4718594,
	4718593,
	4718601,
	4718593);
INSERT INTO SM_SEME
	VALUES (4718594,
	4718594,
	4718601,
	4718593);
INSERT INTO SM_EIGN
	VALUES (4718594,
	4718595,
	4718601,
	4718593,
	'');
INSERT INTO SM_SEME
	VALUES (4718594,
	4718595,
	4718601,
	4718593);
INSERT INTO SM_EIGN
	VALUES (4718594,
	4718596,
	4718601,
	4718593,
	'');
INSERT INTO SM_SEME
	VALUES (4718594,
	4718596,
	4718601,
	4718593);
INSERT INTO SM_EIGN
	VALUES (4718594,
	4718597,
	4718601,
	4718593,
	'');
INSERT INTO SM_SEME
	VALUES (4718594,
	4718597,
	4718601,
	4718593);
INSERT INTO SM_EIGN
	VALUES (4718594,
	4718598,
	4718601,
	4718593,
	'');
INSERT INTO SM_SEME
	VALUES (4718594,
	4718598,
	4718601,
	4718593);
INSERT INTO SM_STATE
	VALUES (4718595,
	4718601,
	4718593,
	'positioning',
	3,
	0);
INSERT INTO SM_EIGN
	VALUES (4718595,
	4718593,
	4718601,
	4718593,
	'');
INSERT INTO SM_SEME
	VALUES (4718595,
	4718593,
	4718601,
	4718593);
INSERT INTO SM_EIGN
	VALUES (4718595,
	4718594,
	4718601,
	4718593,
	'');
INSERT INTO SM_SEME
	VALUES (4718595,
	4718594,
	4718601,
	4718593);
INSERT INTO SM_SEME
	VALUES (4718595,
	4718595,
	4718601,
	4718593);
INSERT INTO SM_EIGN
	VALUES (4718595,
	4718596,
	4718601,
	4718593,
	'');
INSERT INTO SM_SEME
	VALUES (4718595,
	4718596,
	4718601,
	4718593);
INSERT INTO SM_EIGN
	VALUES (4718595,
	4718597,
	4718601,
	4718593,
	'');
INSERT INTO SM_SEME
	VALUES (4718595,
	4718597,
	4718601,
	4718593);
INSERT INTO SM_EIGN
	VALUES (4718595,
	4718598,
	4718601,
	4718593,
	'');
INSERT INTO SM_SEME
	VALUES (4718595,
	4718598,
	4718601,
	4718593);
INSERT INTO SM_STATE
	VALUES (4718596,
	4718601,
	4718593,
	'sampling',
	4,
	0);
INSERT INTO SM_EIGN
	VALUES (4718596,
	4718593,
	4718601,
	4718593,
	'');
INSERT INTO SM_SEME
	VALUES (4718596,
	4718593,
	4718601,
	4718593);
INSERT INTO SM_EIGN
	VALUES (4718596,
	4718594,
	4718601,
	4718593,
	'');
INSERT INTO SM_SEME
	VALUES (4718596,
	4718594,
	4718601,
	4718593);
INSERT INTO SM_EIGN
	VALUES (4718596,
	4718595,
	4718601,
	4718593,
	'');
INSERT INTO SM_SEME
	VALUES (4718596,
	4718595,
	4718601,
	4718593);
INSERT INTO SM_SEME
	VALUES (4718596,
	4718596,
	4718601,
	4718593);
INSERT INTO SM_EIGN
	VALUES (4718596,
	4718597,
	4718601,
	4718593,
	'');
INSERT INTO SM_SEME
	VALUES (4718596,
	4718597,
	4718601,
	4718593);
INSERT INTO SM_EIGN
	VALUES (4718596,
	4718598,
	4718601,
	4718593,
	'');
INSERT INTO SM_SEME
	VALUES (4718596,
	4718598,
	4718601,
	4718593);
INSERT INTO SM_STATE
	VALUES (4718597,
	4718601,
	4718593,
	'checking',
	5,
	0);
INSERT INTO SM_EIGN
	VALUES (4718597,
	4718593,
	4718601,
	4718593,
	'');
INSERT INTO SM_SEME
	VALUES (4718597,
	4718593,
	4718601,
	4718593);
INSERT INTO SM_EIGN
	VALUES (4718597,
	4718594,
	4718601,
	4718593,
	'');
INSERT INTO SM_SEME
	VALUES (4718597,
	4718594,
	4718601,
	4718593);
INSERT INTO SM_EIGN
	VALUES (4718597,
	4718595,
	4718601,
	4718593,
	'');
INSERT INTO SM_SEME
	VALUES (4718597,
	4718595,
	4718601,
	4718593);
INSERT INTO SM_EIGN
	VALUES (4718597,
	4718596,
	4718601,
	4718593,
	'');
INSERT INTO SM_SEME
	VALUES (4718597,
	4718596,
	4718601,
	4718593);
INSERT INTO SM_SEME
	VALUES (4718597,
	4718597,
	4718601,
	4718593);
INSERT INTO SM_SEME
	VALUES (4718597,
	4718598,
	4718601,
	4718593);
INSERT INTO SM_NSTXN
	VALUES (4718593,
	4718601,
	4718593,
	4718593,
	4718593);
INSERT INTO SM_TXN
	VALUES (4718593,
	4718601,
	4718594,
	4718593);
INSERT INTO SM_NSTXN
	VALUES (4718594,
	4718601,
	4718594,
	4718594,
	4718593);
INSERT INTO SM_TXN
	VALUES (4718594,
	4718601,
	4718595,
	4718593);
INSERT INTO SM_NSTXN
	VALUES (4718595,
	4718601,
	4718595,
	4718595,
	4718593);
INSERT INTO SM_TXN
	VALUES (4718595,
	4718601,
	4718596,
	4718593);
INSERT INTO SM_NSTXN
	VALUES (4718596,
	4718601,
	4718596,
	4718596,
	4718593);
INSERT INTO SM_TXN
	VALUES (4718596,
	4718601,
	4718597,
	4718593);
INSERT INTO SM_NSTXN
	VALUES (4718597,
	4718601,
	4718597,
	4718597,
	4718593);
INSERT INTO SM_TXN
	VALUES (4718597,
	4718601,
	4718595,
	4718593);
INSERT INTO SM_NSTXN
	VALUES (4718598,
	4718601,
	4718597,
	4718598,
	4718593);
INSERT INTO SM_TXN
	VALUES (4718598,
	4718601,
	4718593,
	4718593);
INSERT INTO SM_MOAH
	VALUES (4718593,
	4718601,
	4718593);
INSERT INTO SM_AH
	VALUES (4718593,
	4718601);
INSERT INTO SM_ACT
	VALUES (4718593,
	4718601,
	1,
	'assign self.current_sampling_position=0;
select one assignment related by self->PAA[R2];
select one probe related by assignment->SP[R2];
unrelate self from probe across R2 using assignment;
delete object instance assignment;
');
INSERT INTO SM_MOAH
	VALUES (4718594,
	4718601,
	4718594);
INSERT INTO SM_AH
	VALUES (4718594,
	4718601);
INSERT INTO SM_ACT
	VALUES (4718594,
	4718601,
	1,
	'assign self.needs_probe=true;
generate PAA_A1:row_needs_probe() to PAA assigner;');
INSERT INTO SM_MOAH
	VALUES (4718595,
	4718601,
	4718595);
INSERT INTO SM_AH
	VALUES (4718595,
	4718601);
INSERT INTO SM_ACT
	VALUES (4718595,
	4718601,
	1,
	'select one car related by self->CAR[R1];
self.next_sampling_position=self.current_sampling_position + 1;
next = ROW::convert_dest(radius:self.radius,next_sampling_position:self.next_sampling_position);
generate CAR1:go(destination:next) to car;');
INSERT INTO SM_MOAH
	VALUES (4718596,
	4718601,
	4718596);
INSERT INTO SM_AH
	VALUES (4718596,
	4718601);
INSERT INTO SM_ACT
	VALUES (4718596,
	4718601,
	1,
	'select one probe related by self->PAA[R2]->SP[R2];
self.current_sampling_position=self.current_sampling_position + 1;
generate SP2:begin_sampling() to probe;
');
INSERT INTO SM_MOAH
	VALUES (4718597,
	4718601,
	4718597);
INSERT INTO SM_AH
	VALUES (4718597,
	4718601);
INSERT INTO SM_ACT
	VALUES (4718597,
	4718601,
	1,
	'if (self.next_sampling_position < self.maximum_sampling_positions )
	generate ROW5:next_sample() to self;
else
	generate ROW6:sampling_complete() to self;
end if;
');
INSERT INTO GD_MD
	VALUES (4718593,
	8,
	4718601,
	40);
INSERT INTO GD_GE
	VALUES (4718594,
	4718593,
	4718593,
	41);
INSERT INTO GD_SHP
	VALUES (4718594,
	1712,
	1200,
	2048,
	1344);
INSERT INTO GD_GE
	VALUES (4718595,
	4718593,
	4718594,
	41);
INSERT INTO GD_SHP
	VALUES (4718595,
	1712,
	1440,
	2048,
	1632);
INSERT INTO GD_GE
	VALUES (4718596,
	4718593,
	4718595,
	41);
INSERT INTO GD_SHP
	VALUES (4718596,
	1712,
	1728,
	2048,
	1904);
INSERT INTO GD_GE
	VALUES (4718597,
	4718593,
	4718596,
	41);
INSERT INTO GD_SHP
	VALUES (4718597,
	2240,
	1728,
	2528,
	1904);
INSERT INTO GD_GE
	VALUES (4718598,
	4718593,
	4718597,
	41);
INSERT INTO GD_SHP
	VALUES (4718598,
	2240,
	1440,
	2528,
	1632);
INSERT INTO GD_GE
	VALUES (4718599,
	4718593,
	4718593,
	42);
INSERT INTO GD_CON
	VALUES (4718599,
	4718594,
	4718595,
	0);
INSERT INTO GD_CTXT
	VALUES (4718599,
	0,
	0,
	0,
	0,
	0,
	0,
	1872,
	1376,
	2063,
	1410,
	0,
	-1,
	0,
	0,
	0,
	0,
	0,
	0);
INSERT INTO GD_LS
	VALUES (4718600,
	4718599,
	1888,
	1344,
	1888,
	1440,
	0);
INSERT INTO GD_GE
	VALUES (4718601,
	4718593,
	4718594,
	42);
INSERT INTO GD_CON
	VALUES (4718601,
	4718595,
	4718596,
	0);
INSERT INTO GD_CTXT
	VALUES (4718601,
	0,
	0,
	0,
	0,
	0,
	0,
	1872,
	1664,
	2070,
	1696,
	0,
	-1,
	0,
	0,
	0,
	0,
	0,
	0);
INSERT INTO GD_LS
	VALUES (4718602,
	4718601,
	1888,
	1632,
	1888,
	1728,
	0);
INSERT INTO GD_GE
	VALUES (4718603,
	4718593,
	4718595,
	42);
INSERT INTO GD_CON
	VALUES (4718603,
	4718596,
	4718597,
	0);
INSERT INTO GD_CTXT
	VALUES (4718603,
	0,
	0,
	0,
	0,
	0,
	0,
	2046,
	1829,
	2239,
	1900,
	-73,
	30,
	0,
	0,
	0,
	0,
	0,
	0);
INSERT INTO GD_LS
	VALUES (4718604,
	4718603,
	2048,
	1824,
	2240,
	1824,
	0);
INSERT INTO GD_GE
	VALUES (4718605,
	4718593,
	4718596,
	42);
INSERT INTO GD_CON
	VALUES (4718605,
	4718597,
	4718598,
	0);
INSERT INTO GD_CTXT
	VALUES (4718605,
	0,
	0,
	0,
	0,
	0,
	0,
	2408,
	1671,
	2564,
	1706,
	8,
	6,
	0,
	0,
	0,
	0,
	0,
	0);
INSERT INTO GD_LS
	VALUES (4718606,
	4718605,
	2416,
	1728,
	2416,
	1632,
	0);
INSERT INTO GD_GE
	VALUES (4718607,
	4718593,
	4718598,
	42);
INSERT INTO GD_CON
	VALUES (4718607,
	4718598,
	4718594,
	0);
INSERT INTO GD_CTXT
	VALUES (4718607,
	0,
	0,
	0,
	0,
	0,
	0,
	2156,
	1256,
	2338,
	1291,
	-131,
	1,
	0,
	0,
	0,
	0,
	0,
	0);
INSERT INTO GD_LS
	VALUES (4718608,
	4718607,
	2416,
	1440,
	2416,
	1280,
	0);
INSERT INTO GD_LS
	VALUES (4718609,
	4718607,
	2416,
	1280,
	2048,
	1280,
	4718608);
INSERT INTO GD_GE
	VALUES (4718610,
	4718593,
	4718597,
	42);
INSERT INTO GD_CON
	VALUES (4718610,
	4718598,
	4718596,
	0);
INSERT INTO GD_CTXT
	VALUES (4718610,
	0,
	0,
	0,
	0,
	0,
	0,
	2132,
	1679,
	2307,
	1711,
	-12,
	6,
	0,
	0,
	0,
	0,
	0,
	0);
INSERT INTO GD_LS
	VALUES (4718611,
	4718610,
	2240,
	1584,
	2160,
	1584,
	0);
INSERT INTO GD_LS
	VALUES (4718612,
	4718610,
	2160,
	1584,
	2160,
	1760,
	4718611);
INSERT INTO GD_LS
	VALUES (4718613,
	4718610,
	2160,
	1760,
	2048,
	1760,
	4718612);
INSERT INTO O_OBJ
	VALUES (524297,
	'sampling_probe',
	3,
	'SP',
	'',
	524291);
INSERT INTO O_NBATTR
	VALUES (524326,
	524297);
INSERT INTO O_BATTR
	VALUES (524326,
	524297);
INSERT INTO O_ATTR
	VALUES (524326,
	524297,
	0,
	'probe_ID',
	'* probe_ID (arbitrary)

This is identifier for the carousel.',
	'',
	'probe_ID',
	0,
	524306);
INSERT INTO O_NBATTR
	VALUES (524327,
	524297);
INSERT INTO O_BATTR
	VALUES (524327,
	524297);
INSERT INTO O_ATTR
	VALUES (524327,
	524297,
	524326,
	'radial_position',
	'- radial_position (integer 0-200)

The radial_position is the radial distance of the tip
of the sampling probe to the center of the carousel
measured in millimeters.',
	'',
	'radial_position',
	0,
	524291);
INSERT INTO O_NBATTR
	VALUES (524328,
	524297);
INSERT INTO O_BATTR
	VALUES (524328,
	524297);
INSERT INTO O_ATTR
	VALUES (524328,
	524297,
	524327,
	'theta_offset',
	'- theta_offset (integer 0-359)

Thete_offset is the angular distance of the sampling probe
assembly from an arbitrary reference point on the case of
the autosampler.',
	'',
	'theta_offset',
	0,
	524291);
INSERT INTO O_NBATTR
	VALUES (524329,
	524297);
INSERT INTO O_BATTR
	VALUES (524329,
	524297);
INSERT INTO O_ATTR
	VALUES (524329,
	524297,
	524328,
	'current_position',
	'Postion is up or down.',
	'',
	'current_position',
	0,
	524305);
INSERT INTO O_NBATTR
	VALUES (524330,
	524297);
INSERT INTO O_BATTR
	VALUES (524330,
	524297);
INSERT INTO O_ATTR
	VALUES (524330,
	524297,
	524329,
	'available',
	'- available (boolean)

This indicates that the probe is available for pairing
with a row and servicing a vial.  The value is used by
the assigner.',
	'',
	'available',
	0,
	524290);
INSERT INTO O_NBATTR
	VALUES (524331,
	524297);
INSERT INTO O_BATTR
	VALUES (524331,
	524297);
INSERT INTO O_ATTR
	VALUES (524331,
	524297,
	524330,
	'current_state',
	'',
	'',
	'current_state',
	0,
	524295);
INSERT INTO O_ID
	VALUES (0,
	524297);
INSERT INTO O_OIDA
	VALUES (524326,
	524297,
	0);
INSERT INTO O_RTIDA
	VALUES (524326,
	524297,
	0,
	524292,
	524297);
INSERT INTO SM_ISM
	VALUES (5242890,
	524297);
INSERT INTO SM_SM
	VALUES (5242890,
	'',
	10);
INSERT INTO SM_MOORE
	VALUES (5242890);
INSERT INTO SM_SUPDT
	VALUES (5242881,
	5242890);
INSERT INTO SM_STATE
	VALUES (5242881,
	5242890,
	5242881,
	'up',
	1,
	0);
INSERT INTO SM_EVT
	VALUES (5242881,
	5242890,
	5242881,
	1,
	'finished_sampling',
	0,
	'',
	'SP1',
	'');
INSERT INTO SM_EIGN
	VALUES (5242881,
	5242881,
	5242890,
	5242881,
	'');
INSERT INTO SM_SEME
	VALUES (5242881,
	5242881,
	5242890,
	5242881);
INSERT INTO SM_EVT
	VALUES (5242882,
	5242890,
	5242881,
	2,
	'begin_sampling',
	0,
	'',
	'SP2',
	'');
INSERT INTO SM_SEME
	VALUES (5242881,
	5242882,
	5242890,
	5242881);
INSERT INTO SM_EVT
	VALUES (5242883,
	5242890,
	5242881,
	3,
	'probe_in_position',
	0,
	'',
	'SP3',
	'');
INSERT INTO SM_EIGN
	VALUES (5242881,
	5242883,
	5242890,
	5242881,
	'');
INSERT INTO SM_SEME
	VALUES (5242881,
	5242883,
	5242890,
	5242881);
INSERT INTO SM_STATE
	VALUES (5242882,
	5242890,
	5242881,
	'down',
	2,
	0);
INSERT INTO SM_SEME
	VALUES (5242882,
	5242881,
	5242890,
	5242881);
INSERT INTO SM_EIGN
	VALUES (5242882,
	5242882,
	5242890,
	5242881,
	'');
INSERT INTO SM_SEME
	VALUES (5242882,
	5242882,
	5242890,
	5242881);
INSERT INTO SM_EIGN
	VALUES (5242882,
	5242883,
	5242890,
	5242881,
	'');
INSERT INTO SM_SEME
	VALUES (5242882,
	5242883,
	5242890,
	5242881);
INSERT INTO SM_STATE
	VALUES (5242883,
	5242890,
	5242881,
	'raising',
	3,
	0);
INSERT INTO SM_EIGN
	VALUES (5242883,
	5242881,
	5242890,
	5242881,
	'');
INSERT INTO SM_SEME
	VALUES (5242883,
	5242881,
	5242890,
	5242881);
INSERT INTO SM_EIGN
	VALUES (5242883,
	5242882,
	5242890,
	5242881,
	'');
INSERT INTO SM_SEME
	VALUES (5242883,
	5242882,
	5242890,
	5242881);
INSERT INTO SM_SEME
	VALUES (5242883,
	5242883,
	5242890,
	5242881);
INSERT INTO SM_STATE
	VALUES (5242884,
	5242890,
	5242881,
	'lowering',
	4,
	0);
INSERT INTO SM_EIGN
	VALUES (5242884,
	5242881,
	5242890,
	5242881,
	'');
INSERT INTO SM_SEME
	VALUES (5242884,
	5242881,
	5242890,
	5242881);
INSERT INTO SM_EIGN
	VALUES (5242884,
	5242882,
	5242890,
	5242881,
	'');
INSERT INTO SM_SEME
	VALUES (5242884,
	5242882,
	5242890,
	5242881);
INSERT INTO SM_SEME
	VALUES (5242884,
	5242883,
	5242890,
	5242881);
INSERT INTO SM_NSTXN
	VALUES (5242881,
	5242890,
	5242883,
	5242883,
	5242881);
INSERT INTO SM_TXN
	VALUES (5242881,
	5242890,
	5242881,
	5242881);
INSERT INTO SM_NSTXN
	VALUES (5242882,
	5242890,
	5242884,
	5242883,
	5242881);
INSERT INTO SM_TXN
	VALUES (5242882,
	5242890,
	5242882,
	5242881);
INSERT INTO SM_NSTXN
	VALUES (5242883,
	5242890,
	5242881,
	5242882,
	5242881);
INSERT INTO SM_TXN
	VALUES (5242883,
	5242890,
	5242884,
	5242881);
INSERT INTO SM_NSTXN
	VALUES (5242884,
	5242890,
	5242882,
	5242881,
	5242881);
INSERT INTO SM_TXN
	VALUES (5242884,
	5242890,
	5242883,
	5242881);
INSERT INTO SM_MOAH
	VALUES (5242881,
	5242890,
	5242881);
INSERT INTO SM_AH
	VALUES (5242881,
	5242890);
INSERT INTO SM_ACT
	VALUES (5242881,
	5242890,
	1,
	'self.current_position="up";
select one row related by self->ROW[R2];
generate ROW4:sample_complete() to row;');
INSERT INTO SM_MOAH
	VALUES (5242882,
	5242890,
	5242882);
INSERT INTO SM_AH
	VALUES (5242882,
	5242890);
INSERT INTO SM_ACT
	VALUES (5242882,
	5242890,
	1,
	'select one row related by self->ROW[R2];
st = row.sampling_time;
create event instance move_on of SP1:finished_sampling() to self;
mo_timer = TIM::timer_start(microseconds:st, event_inst:move_on);');
INSERT INTO SM_MOAH
	VALUES (5242883,
	5242890,
	5242883);
INSERT INTO SM_AH
	VALUES (5242883,
	5242890);
INSERT INTO SM_ACT
	VALUES (5242883,
	5242890,
	1,
	'needle_position = SPPIO::raise_needle ( radial_position:self.radial_position, theta_offset:self.theta_offset, probe_id:self.probe_ID );');
INSERT INTO SM_MOAH
	VALUES (5242884,
	5242890,
	5242884);
INSERT INTO SM_AH
	VALUES (5242884,
	5242890);
INSERT INTO SM_ACT
	VALUES (5242884,
	5242890,
	1,
	'select any assignment from instances of PAA
	where ( selected.probe_ID == self.probe_ID );
needle_position = SPPIO::lower_needle( radial_position:self.radial_position, theta_offset:self.theta_offset, probe_id:self.probe_ID );
self.current_position="down";');
INSERT INTO GD_MD
	VALUES (5242881,
	8,
	5242890,
	40);
INSERT INTO GD_GE
	VALUES (5242882,
	5242881,
	5242881,
	41);
INSERT INTO GD_SHP
	VALUES (5242882,
	1824,
	1152,
	2224,
	1376);
INSERT INTO GD_GE
	VALUES (5242883,
	5242881,
	5242882,
	41);
INSERT INTO GD_SHP
	VALUES (5242883,
	1824,
	1600,
	2224,
	1824);
INSERT INTO GD_GE
	VALUES (5242884,
	5242881,
	5242883,
	41);
INSERT INTO GD_SHP
	VALUES (5242884,
	1312,
	1376,
	1712,
	1600);
INSERT INTO GD_GE
	VALUES (5242885,
	5242881,
	5242884,
	41);
INSERT INTO GD_SHP
	VALUES (5242885,
	2320,
	1376,
	2720,
	1600);
INSERT INTO GD_GE
	VALUES (5242886,
	5242881,
	5242881,
	42);
INSERT INTO GD_CON
	VALUES (5242886,
	5242884,
	5242882,
	0);
INSERT INTO GD_CTXT
	VALUES (5242886,
	0,
	0,
	0,
	0,
	0,
	0,
	1591,
	1229,
	1718,
	1261,
	8,
	-10,
	0,
	0,
	0,
	0,
	0,
	0);
INSERT INTO GD_LS
	VALUES (5242887,
	5242886,
	1504,
	1376,
	1504,
	1264,
	0);
INSERT INTO GD_LS
	VALUES (5242888,
	5242886,
	1504,
	1264,
	1824,
	1264,
	5242887);
INSERT INTO GD_GE
	VALUES (5242889,
	5242881,
	5242884,
	42);
INSERT INTO GD_CON
	VALUES (5242889,
	5242883,
	5242884,
	0);
INSERT INTO GD_CTXT
	VALUES (5242889,
	0,
	0,
	0,
	0,
	0,
	0,
	1542,
	1735,
	1705,
	1774,
	-33,
	32,
	0,
	0,
	0,
	0,
	0,
	0);
INSERT INTO GD_LS
	VALUES (5242890,
	5242889,
	1824,
	1728,
	1504,
	1728,
	0);
INSERT INTO GD_LS
	VALUES (5242891,
	5242889,
	1504,
	1728,
	1504,
	1600,
	5242890);
INSERT INTO GD_GE
	VALUES (5242892,
	5242881,
	5242883,
	42);
INSERT INTO GD_CON
	VALUES (5242892,
	5242882,
	5242885,
	0);
INSERT INTO GD_CTXT
	VALUES (5242892,
	0,
	0,
	0,
	0,
	0,
	0,
	2320,
	1240,
	2499,
	1273,
	-87,
	1,
	0,
	0,
	0,
	0,
	0,
	0);
INSERT INTO GD_LS
	VALUES (5242893,
	5242892,
	2224,
	1264,
	2528,
	1264,
	0);
INSERT INTO GD_LS
	VALUES (5242894,
	5242892,
	2528,
	1264,
	2528,
	1376,
	5242893);
INSERT INTO GD_GE
	VALUES (5242895,
	5242881,
	5242882,
	42);
INSERT INTO GD_CON
	VALUES (5242895,
	5242885,
	5242883,
	0);
INSERT INTO GD_CTXT
	VALUES (5242895,
	0,
	0,
	0,
	0,
	0,
	0,
	2286,
	1722,
	2479,
	1755,
	-121,
	35,
	0,
	0,
	0,
	0,
	0,
	0);
INSERT INTO GD_LS
	VALUES (5242896,
	5242895,
	2528,
	1600,
	2528,
	1712,
	0);
INSERT INTO GD_LS
	VALUES (5242897,
	5242895,
	2528,
	1712,
	2224,
	1712,
	5242896);
INSERT INTO O_OBJ
	VALUES (524298,
	'probe_assignment',
	4,
	'PAA',
	'',
	524291);
INSERT INTO O_REF
	VALUES (524298,
	524297,
	0,
	524326,
	524292,
	524298,
	524297,
	524332,
	524293,
	0,
	0,
	'');
INSERT INTO O_RATTR
	VALUES (524332,
	524298,
	524326,
	524297,
	1);
INSERT INTO O_ATTR
	VALUES (524332,
	524298,
	0,
	'probe_ID',
	'* probe_ID (arbitrary)

See probe_ID in sampling_probe.
',
	'',
	'probe_ID',
	0,
	524296);
INSERT INTO O_REF
	VALUES (524298,
	524296,
	0,
	524318,
	524292,
	524298,
	524296,
	524333,
	524294,
	0,
	0,
	'');
INSERT INTO O_RATTR
	VALUES (524333,
	524298,
	524318,
	524296,
	1);
INSERT INTO O_ATTR
	VALUES (524333,
	524298,
	524332,
	'radius',
	'- radius (integer 0-200)

See radius in row.',
	'',
	'radius',
	0,
	524296);
INSERT INTO O_ID
	VALUES (0,
	524298);
INSERT INTO O_OIDA
	VALUES (524333,
	524298,
	0);
INSERT INTO O_OIDA
	VALUES (524332,
	524298,
	0);
INSERT INTO SM_ASM
	VALUES (5767179,
	524298);
INSERT INTO SM_SM
	VALUES (5767179,
	'',
	11);
INSERT INTO SM_MOORE
	VALUES (5767179);
INSERT INTO SM_EVTDI
	VALUES (5767169,
	5767179,
	'car_id',
	'',
	524291);
INSERT INTO SM_SUPDT
	VALUES (5767169,
	5767179);
INSERT INTO SM_SUPDT
	VALUES (5767170,
	5767179);
INSERT INTO SM_SDI
	VALUES (5767169,
	5767170,
	5767179);
INSERT INTO SM_STATE
	VALUES (5767169,
	5767179,
	5767169,
	'waiting on row',
	1,
	0);
INSERT INTO SM_EVT
	VALUES (5767169,
	5767179,
	5767169,
	1,
	'row_needs_probe',
	0,
	'',
	'PAA_A1',
	'');
INSERT INTO SM_SEME
	VALUES (5767169,
	5767169,
	5767179,
	5767169);
INSERT INTO SM_EVT
	VALUES (5767170,
	5767179,
	5767169,
	2,
	'probe_available',
	0,
	'',
	'PAA_A2',
	'');
INSERT INTO SM_EIGN
	VALUES (5767169,
	5767170,
	5767179,
	5767169,
	'');
INSERT INTO SM_SEME
	VALUES (5767169,
	5767170,
	5767179,
	5767169);
INSERT INTO SM_EVT
	VALUES (5767171,
	5767179,
	5767170,
	4,
	'carousel_complete',
	0,
	'',
	'PAA_A4',
	'');
INSERT INTO SM_EIGN
	VALUES (5767169,
	5767171,
	5767179,
	5767170,
	'');
INSERT INTO SM_SEME
	VALUES (5767169,
	5767171,
	5767179,
	5767170);
INSERT INTO SM_EVT
	VALUES (5767172,
	5767179,
	5767169,
	3,
	'probe_assigned',
	0,
	'',
	'PAA_A3',
	'');
INSERT INTO SM_EIGN
	VALUES (5767169,
	5767172,
	5767179,
	5767169,
	'');
INSERT INTO SM_SEME
	VALUES (5767169,
	5767172,
	5767179,
	5767169);
INSERT INTO SM_STATE
	VALUES (5767170,
	5767179,
	5767169,
	'waiting on probe',
	2,
	0);
INSERT INTO SM_EIGN
	VALUES (5767170,
	5767169,
	5767179,
	5767169,
	'');
INSERT INTO SM_SEME
	VALUES (5767170,
	5767169,
	5767179,
	5767169);
INSERT INTO SM_SEME
	VALUES (5767170,
	5767170,
	5767179,
	5767169);
INSERT INTO SM_EIGN
	VALUES (5767170,
	5767171,
	5767179,
	5767170,
	'');
INSERT INTO SM_SEME
	VALUES (5767170,
	5767171,
	5767179,
	5767170);
INSERT INTO SM_EIGN
	VALUES (5767170,
	5767172,
	5767179,
	5767169,
	'');
INSERT INTO SM_SEME
	VALUES (5767170,
	5767172,
	5767179,
	5767169);
INSERT INTO SM_STATE
	VALUES (5767171,
	5767179,
	5767169,
	'assigning pair',
	3,
	0);
INSERT INTO SM_EIGN
	VALUES (5767171,
	5767169,
	5767179,
	5767169,
	'');
INSERT INTO SM_SEME
	VALUES (5767171,
	5767169,
	5767179,
	5767169);
INSERT INTO SM_EIGN
	VALUES (5767171,
	5767170,
	5767179,
	5767169,
	'');
INSERT INTO SM_SEME
	VALUES (5767171,
	5767170,
	5767179,
	5767169);
INSERT INTO SM_EIGN
	VALUES (5767171,
	5767171,
	5767179,
	5767170,
	'');
INSERT INTO SM_SEME
	VALUES (5767171,
	5767171,
	5767179,
	5767170);
INSERT INTO SM_SEME
	VALUES (5767171,
	5767172,
	5767179,
	5767169);
INSERT INTO SM_NSTXN
	VALUES (5767169,
	5767179,
	5767169,
	5767169,
	5767169);
INSERT INTO SM_TXN
	VALUES (5767169,
	5767179,
	5767170,
	5767169);
INSERT INTO SM_NSTXN
	VALUES (5767170,
	5767179,
	5767170,
	5767170,
	5767169);
INSERT INTO SM_TXN
	VALUES (5767170,
	5767179,
	5767171,
	5767169);
INSERT INTO SM_NSTXN
	VALUES (5767171,
	5767179,
	5767171,
	5767172,
	5767169);
INSERT INTO SM_TXN
	VALUES (5767171,
	5767179,
	5767169,
	5767169);
INSERT INTO SM_MOAH
	VALUES (5767169,
	5767179,
	5767169);
INSERT INTO SM_AH
	VALUES (5767169,
	5767179);
INSERT INTO SM_ACT
	VALUES (5767169,
	5767179,
	1,
	'select any row from instances of ROW
	where (selected.needs_probe == true );
if (not_empty row)
	generate PAA_A1:row_needs_probe() to PAA assigner;
end if;');
INSERT INTO SM_MOAH
	VALUES (5767170,
	5767179,
	5767170);
INSERT INTO SM_AH
	VALUES (5767170,
	5767179);
INSERT INTO SM_ACT
	VALUES (5767170,
	5767179,
	1,
	'select any probe from instances of SP
	where ( selected.available == true );
if ( not_empty probe )
	generate PAA_A2:probe_available() to PAA assigner;
end if;');
INSERT INTO SM_MOAH
	VALUES (5767171,
	5767179,
	5767171);
INSERT INTO SM_AH
	VALUES (5767171,
	5767179);
INSERT INTO SM_ACT
	VALUES (5767171,
	5767179,
	1,
	'select any row from instances of ROW
	where ( selected.needs_probe == true );
select any probe from instances of SP
	where ( selected.available == true );
probe.available = false;
row.needs_probe=false;
create object instance assignment of PAA;
relate row to probe across R2 using assignment;
generate PAA_A3:probe_assigned() to PAA assigner;
generate ROW2:probe_assigned() to row;');
INSERT INTO GD_MD
	VALUES (5767169,
	10,
	5767179,
	40);
INSERT INTO GD_GE
	VALUES (5767170,
	5767169,
	5767169,
	41);
INSERT INTO GD_SHP
	VALUES (5767170,
	1632,
	1216,
	2144,
	1408);
INSERT INTO GD_GE
	VALUES (5767171,
	5767169,
	5767170,
	41);
INSERT INTO GD_SHP
	VALUES (5767171,
	1632,
	1488,
	2144,
	1616);
INSERT INTO GD_GE
	VALUES (5767172,
	5767169,
	5767171,
	41);
INSERT INTO GD_SHP
	VALUES (5767172,
	1632,
	1696,
	2144,
	1920);
INSERT INTO GD_GE
	VALUES (5767173,
	5767169,
	5767169,
	42);
INSERT INTO GD_CON
	VALUES (5767173,
	5767170,
	5767171,
	0);
INSERT INTO GD_CTXT
	VALUES (5767173,
	0,
	0,
	0,
	0,
	0,
	0,
	1840,
	1432,
	2047,
	1467,
	0,
	-1,
	0,
	0,
	0,
	0,
	0,
	0);
INSERT INTO GD_LS
	VALUES (5767174,
	5767173,
	1856,
	1408,
	1856,
	1488,
	0);
INSERT INTO GD_GE
	VALUES (5767175,
	5767169,
	5767170,
	42);
INSERT INTO GD_CON
	VALUES (5767175,
	5767171,
	5767172,
	0);
INSERT INTO GD_CTXT
	VALUES (5767175,
	0,
	0,
	0,
	0,
	0,
	0,
	1840,
	1643,
	2039,
	1678,
	0,
	2,
	0,
	0,
	0,
	0,
	0,
	0);
INSERT INTO GD_LS
	VALUES (5767176,
	5767175,
	1856,
	1616,
	1856,
	1696,
	0);
INSERT INTO GD_GE
	VALUES (5767177,
	5767169,
	5767171,
	42);
INSERT INTO GD_CON
	VALUES (5767177,
	5767172,
	5767170,
	0);
INSERT INTO GD_CTXT
	VALUES (5767177,
	0,
	0,
	0,
	0,
	0,
	0,
	2310,
	1568,
	2457,
	1600,
	6,
	7,
	0,
	0,
	0,
	0,
	0,
	0);
INSERT INTO GD_LS
	VALUES (5767178,
	5767177,
	2144,
	1840,
	2320,
	1840,
	0);
INSERT INTO GD_LS
	VALUES (5767179,
	5767177,
	2320,
	1840,
	2320,
	1312,
	5767178);
INSERT INTO GD_LS
	VALUES (5767180,
	5767177,
	2320,
	1312,
	2144,
	1312,
	5767179);
INSERT INTO O_OBJ
	VALUES (524299,
	'autosampler init',
	5,
	'I',
	'The Initializer is for verification and simulation purposes.  It creates instances of objects and sets attributes of those objects.',
	524291);
INSERT INTO O_TFR
	VALUES (524292,
	524299,
	'Run_8051',
	'',
	524289);
INSERT INTO O_NBATTR
	VALUES (524334,
	524299);
INSERT INTO O_BATTR
	VALUES (524334,
	524299);
INSERT INTO O_ATTR
	VALUES (524334,
	524299,
	0,
	'i_id',
	'',
	'',
	'i_id',
	0,
	524294);
INSERT INTO O_NBATTR
	VALUES (524335,
	524299);
INSERT INTO O_BATTR
	VALUES (524335,
	524299);
INSERT INTO O_ATTR
	VALUES (524335,
	524299,
	524334,
	'current_state',
	'',
	'',
	'current_state',
	0,
	524295);
INSERT INTO SM_ISM
	VALUES (6291468,
	524299);
INSERT INTO SM_SM
	VALUES (6291468,
	'',
	12);
INSERT INTO SM_MOORE
	VALUES (6291468);
INSERT INTO SM_SUPDT
	VALUES (6291457,
	6291468);
INSERT INTO SM_STATE
	VALUES (6291457,
	6291468,
	6291457,
	'starting',
	1,
	0);
INSERT INTO SM_EVT
	VALUES (6291457,
	6291468,
	6291457,
	1,
	'Create Objects',
	0,
	'',
	'I1',
	'');
INSERT INTO SM_SEME
	VALUES (6291457,
	6291457,
	6291468,
	6291457);
INSERT INTO SM_NSTXN
	VALUES (6291457,
	6291468,
	6291457,
	6291457,
	6291457);
INSERT INTO SM_TXN
	VALUES (6291457,
	6291468,
	6291457,
	6291457);
INSERT INTO SM_MOAH
	VALUES (6291457,
	6291468,
	6291457);
INSERT INTO SM_AH
	VALUES (6291457,
	6291468);
INSERT INTO SM_ACT
	VALUES (6291457,
	6291468,
	1,
	'transform I::Run_8051();
create object instance car of CAR;
car.carousel_ID=10;
car.current_position=10;
create object instance row of ROW;
relate row to car across R1;
row.radius=10;
row.current_sampling_position=0;
row.maximum_sampling_positions=200;
row.sampling_time=5000000;  // 5 seconds
row.needs_probe=false;
create object instance probe of SP;
probe.probe_ID=1;
probe.radial_position=20;
probe.theta_offset=40;
probe.current_position="up";
probe.available = true;
generate ROW1:probe_request() to row;');
INSERT INTO GD_MD
	VALUES (6291457,
	8,
	6291468,
	40);
INSERT INTO GD_GE
	VALUES (6291458,
	6291457,
	6291457,
	41);
INSERT INTO GD_SHP
	VALUES (6291458,
	1792,
	1392,
	2192,
	1760);
INSERT INTO GD_GE
	VALUES (6291459,
	6291457,
	6291457,
	42);
INSERT INTO GD_CON
	VALUES (6291459,
	6291458,
	6291458,
	0);
INSERT INTO GD_CTXT
	VALUES (6291459,
	0,
	0,
	0,
	0,
	0,
	0,
	2086,
	1232,
	2274,
	1267,
	-137,
	-7,
	0,
	0,
	0,
	0,
	0,
	0);
INSERT INTO GD_LS
	VALUES (6291460,
	6291459,
	2192,
	1456,
	2272,
	1456,
	0);
INSERT INTO GD_LS
	VALUES (6291461,
	6291459,
	2272,
	1456,
	2272,
	1264,
	6291460);
INSERT INTO GD_LS
	VALUES (6291462,
	6291459,
	2272,
	1264,
	2080,
	1264,
	6291461);
INSERT INTO GD_LS
	VALUES (6291463,
	6291459,
	2080,
	1264,
	2080,
	1392,
	6291462);
INSERT INTO O_OBJ
	VALUES (524300,
	'FBO_UI',
	6,
	'F',
	'',
	524291);
INSERT INTO O_NBATTR
	VALUES (524336,
	524300);
INSERT INTO O_BATTR
	VALUES (524336,
	524300);
INSERT INTO O_ATTR
	VALUES (524336,
	524300,
	0,
	'FBO_ID',
	'',
	'',
	'FBO_ID',
	0,
	524294);
INSERT INTO O_NBATTR
	VALUES (524337,
	524300);
INSERT INTO O_BATTR
	VALUES (524337,
	524300);
INSERT INTO O_ATTR
	VALUES (524337,
	524300,
	524336,
	'FBO_r_string',
	'MAX_LENGTH: 20',
	'',
	'FBO_r_string',
	0,
	524293);
INSERT INTO O_NBATTR
	VALUES (524338,
	524300);
INSERT INTO O_BATTR
	VALUES (524338,
	524300);
INSERT INTO O_ATTR
	VALUES (524338,
	524300,
	524337,
	'current_state',
	'',
	'',
	'current_state',
	0,
	524295);
INSERT INTO O_ID
	VALUES (0,
	524300);
INSERT INTO O_OIDA
	VALUES (524336,
	524300,
	0);
INSERT INTO SM_ISM
	VALUES (6815757,
	524300);
INSERT INTO SM_SM
	VALUES (6815757,
	'',
	13);
INSERT INTO SM_MOORE
	VALUES (6815757);
INSERT INTO SM_SUPDT
	VALUES (6815745,
	6815757);
INSERT INTO SM_STATE
	VALUES (6815745,
	6815757,
	6815745,
	'FBO_r_string',
	1,
	0);
INSERT INTO SM_EVT
	VALUES (6815745,
	6815757,
	6815745,
	1,
	'FBO_r_string',
	0,
	'',
	'F1',
	'');
INSERT INTO SM_SEME
	VALUES (6815745,
	6815745,
	6815757,
	6815745);
INSERT INTO SM_EVT
	VALUES (6815746,
	6815757,
	6815745,
	2,
	'genC2there',
	0,
	'',
	'F2',
	'');
INSERT INTO SM_EIGN
	VALUES (6815745,
	6815746,
	6815757,
	6815745,
	'');
INSERT INTO SM_SEME
	VALUES (6815745,
	6815746,
	6815757,
	6815745);
INSERT INTO SM_EVT
	VALUES (6815747,
	6815757,
	6815745,
	3,
	'genP3pip',
	0,
	'',
	'F3',
	'');
INSERT INTO SM_EIGN
	VALUES (6815745,
	6815747,
	6815757,
	6815745,
	'');
INSERT INTO SM_SEME
	VALUES (6815745,
	6815747,
	6815757,
	6815745);
INSERT INTO SM_STATE
	VALUES (6815746,
	6815757,
	6815745,
	'genC2there',
	2,
	0);
INSERT INTO SM_EIGN
	VALUES (6815746,
	6815745,
	6815757,
	6815745,
	'');
INSERT INTO SM_SEME
	VALUES (6815746,
	6815745,
	6815757,
	6815745);
INSERT INTO SM_SEME
	VALUES (6815746,
	6815746,
	6815757,
	6815745);
INSERT INTO SM_EIGN
	VALUES (6815746,
	6815747,
	6815757,
	6815745,
	'');
INSERT INTO SM_SEME
	VALUES (6815746,
	6815747,
	6815757,
	6815745);
INSERT INTO SM_STATE
	VALUES (6815747,
	6815757,
	6815745,
	'genP3pip',
	3,
	0);
INSERT INTO SM_EIGN
	VALUES (6815747,
	6815745,
	6815757,
	6815745,
	'');
INSERT INTO SM_SEME
	VALUES (6815747,
	6815745,
	6815757,
	6815745);
INSERT INTO SM_EIGN
	VALUES (6815747,
	6815746,
	6815757,
	6815745,
	'');
INSERT INTO SM_SEME
	VALUES (6815747,
	6815746,
	6815757,
	6815745);
INSERT INTO SM_SEME
	VALUES (6815747,
	6815747,
	6815757,
	6815745);
INSERT INTO SM_NSTXN
	VALUES (6815745,
	6815757,
	6815745,
	6815745,
	6815745);
INSERT INTO SM_TXN
	VALUES (6815745,
	6815757,
	6815745,
	6815745);
INSERT INTO SM_NSTXN
	VALUES (6815746,
	6815757,
	6815746,
	6815746,
	6815745);
INSERT INTO SM_TXN
	VALUES (6815746,
	6815757,
	6815746,
	6815745);
INSERT INTO SM_NSTXN
	VALUES (6815747,
	6815757,
	6815747,
	6815747,
	6815745);
INSERT INTO SM_TXN
	VALUES (6815747,
	6815757,
	6815747,
	6815745);
INSERT INTO SM_MOAH
	VALUES (6815745,
	6815757,
	6815745);
INSERT INTO SM_AH
	VALUES (6815745,
	6815757);
INSERT INTO SM_ACT
	VALUES (6815745,
	6815757,
	1,
	'self.FBO_r_string="ROX Solid!";');
INSERT INTO SM_MOAH
	VALUES (6815746,
	6815757,
	6815746);
INSERT INTO SM_AH
	VALUES (6815746,
	6815757);
INSERT INTO SM_ACT
	VALUES (6815746,
	6815757,
	1,
	'select any c from instances of CAR;
generate CAR2:there() to c;');
INSERT INTO SM_MOAH
	VALUES (6815747,
	6815757,
	6815747);
INSERT INTO SM_AH
	VALUES (6815747,
	6815757);
INSERT INTO SM_ACT
	VALUES (6815747,
	6815757,
	1,
	'select any p from instances of SP;
generate SP3:probe_in_position() to p;');
INSERT INTO GD_MD
	VALUES (6815745,
	8,
	6815757,
	40);
INSERT INTO GD_GE
	VALUES (6815746,
	6815745,
	6815745,
	41);
INSERT INTO GD_SHP
	VALUES (6815746,
	1872,
	1424,
	2112,
	1520);
INSERT INTO GD_GE
	VALUES (6815792,
	6815745,
	6815746,
	41);
INSERT INTO GD_SHP
	VALUES (6815792,
	1872,
	1600,
	2112,
	1696);
INSERT INTO GD_GE
	VALUES (6815822,
	6815745,
	6815747,
	41);
INSERT INTO GD_SHP
	VALUES (6815822,
	1872,
	1232,
	2112,
	1328);
INSERT INTO GD_GE
	VALUES (6815747,
	6815745,
	6815745,
	42);
INSERT INTO GD_CON
	VALUES (6815747,
	6815746,
	6815746,
	0);
INSERT INTO GD_CTXT
	VALUES (6815747,
	0,
	0,
	0,
	0,
	0,
	0,
	2015,
	1368,
	2183,
	1402,
	-104,
	1,
	0,
	0,
	0,
	0,
	0,
	0);
INSERT INTO GD_LS
	VALUES (6815818,
	6815747,
	2112,
	1440,
	2192,
	1440,
	0);
INSERT INTO GD_LS
	VALUES (6815819,
	6815747,
	2192,
	1440,
	2192,
	1392,
	6815818);
INSERT INTO GD_LS
	VALUES (6815820,
	6815747,
	2192,
	1392,
	2000,
	1392,
	6815819);
INSERT INTO GD_LS
	VALUES (6815821,
	6815747,
	2000,
	1392,
	2000,
	1424,
	6815820);
INSERT INTO GD_GE
	VALUES (6815793,
	6815745,
	6815746,
	42);
INSERT INTO GD_CON
	VALUES (6815793,
	6815792,
	6815792,
	0);
INSERT INTO GD_CTXT
	VALUES (6815793,
	0,
	0,
	0,
	0,
	0,
	0,
	2181,
	1582,
	2289,
	1616,
	70,
	39,
	0,
	0,
	0,
	0,
	0,
	0);
INSERT INTO GD_LS
	VALUES (6815802,
	6815793,
	2112,
	1632,
	2176,
	1632,
	0);
INSERT INTO GD_LS
	VALUES (6815803,
	6815793,
	2176,
	1632,
	2176,
	1568,
	6815802);
INSERT INTO GD_LS
	VALUES (6815804,
	6815793,
	2176,
	1568,
	2000,
	1568,
	6815803);
INSERT INTO GD_LS
	VALUES (6815805,
	6815793,
	2000,
	1568,
	2000,
	1600,
	6815804);
INSERT INTO GD_GE
	VALUES (6815823,
	6815745,
	6815747,
	42);
INSERT INTO GD_CON
	VALUES (6815823,
	6815822,
	6815822,
	0);
INSERT INTO GD_CTXT
	VALUES (6815823,
	0,
	0,
	0,
	0,
	0,
	0,
	2148,
	1219,
	2252,
	1250,
	45,
	44,
	0,
	0,
	0,
	0,
	0,
	0);
INSERT INTO GD_LS
	VALUES (6815824,
	6815823,
	2112,
	1264,
	2144,
	1264,
	0);
INSERT INTO GD_LS
	VALUES (6815825,
	6815823,
	2144,
	1264,
	2144,
	1200,
	6815824);
INSERT INTO GD_LS
	VALUES (6815826,
	6815823,
	2144,
	1200,
	2048,
	1200,
	6815825);
INSERT INTO GD_LS
	VALUES (6815827,
	6815823,
	2048,
	1200,
	2048,
	1232,
	6815826);
INSERT INTO R_SIMP
	VALUES (524291);
INSERT INTO R_REL
	VALUES (524291,
	1,
	'',
	524291);
INSERT INTO R_PART
	VALUES (524295,
	524291,
	524294,
	0,
	0,
	'Is rotated by');
INSERT INTO R_RTO
	VALUES (524295,
	524291,
	524294,
	0);
INSERT INTO R_OIR
	VALUES (524295,
	524291,
	524294,
	0);
INSERT INTO R_FORM
	VALUES (524296,
	524291,
	524295,
	0,
	0,
	'Contains');
INSERT INTO R_RGO
	VALUES (524296,
	524291,
	524295);
INSERT INTO R_OIR
	VALUES (524296,
	524291,
	524295,
	0);
INSERT INTO R_ASSOC
	VALUES (524292);
INSERT INTO R_REL
	VALUES (524292,
	2,
	'',
	524291);
INSERT INTO R_AONE
	VALUES (524296,
	524292,
	524296,
	0,
	1,
	'Is assigned to');
INSERT INTO R_RTO
	VALUES (524296,
	524292,
	524296,
	0);
INSERT INTO R_OIR
	VALUES (524296,
	524292,
	524296,
	0);
INSERT INTO R_AOTH
	VALUES (524297,
	524292,
	524297,
	0,
	1,
	'Is assigned to');
INSERT INTO R_RTO
	VALUES (524297,
	524292,
	524297,
	0);
INSERT INTO R_OIR
	VALUES (524297,
	524292,
	524297,
	0);
INSERT INTO R_ASSR
	VALUES (524298,
	524292,
	524298,
	0);
INSERT INTO R_RGO
	VALUES (524298,
	524292,
	524298);
INSERT INTO R_OIR
	VALUES (524298,
	524292,
	524298,
	0);
INSERT INTO CA_COMM
	VALUES (4194305,
	524291);
INSERT INTO CA_SMSMC
	VALUES (4194305,
	4194312,
	4718601,
	0);
INSERT INTO CA_SMSME
	VALUES (4194305,
	4718601,
	4718595);
INSERT INTO CA_ACC
	VALUES (4194305,
	524291,
	4194312,
	0);
INSERT INTO CA_SMOA
	VALUES (4194305,
	524295,
	0);
INSERT INTO CA_SMOAA
	VALUES (4194305,
	524316,
	524295);
INSERT INTO CA_SMOAA
	VALUES (4194305,
	524314,
	524295);
INSERT INTO CA_SMOAA
	VALUES (4194305,
	524315,
	524295);
INSERT INTO CA_ACC
	VALUES (4194306,
	524291,
	4194312,
	0);
INSERT INTO CA_SMOA
	VALUES (4194306,
	524297,
	0);
INSERT INTO CA_SMOAA
	VALUES (4194306,
	524329,
	524297);
INSERT INTO CA_COMM
	VALUES (4718593,
	524291);
INSERT INTO CA_SMSMC
	VALUES (4718593,
	4718601,
	5767179,
	0);
INSERT INTO CA_SMSME
	VALUES (4718593,
	5767179,
	5767169);
INSERT INTO CA_COMM
	VALUES (4718594,
	524291);
INSERT INTO CA_SMSMC
	VALUES (4718594,
	4718601,
	4194312,
	0);
INSERT INTO CA_SMSME
	VALUES (4718594,
	4194312,
	4194305);
INSERT INTO CA_COMM
	VALUES (4718595,
	524291);
INSERT INTO CA_SMSMC
	VALUES (4718595,
	4718601,
	5242890,
	0);
INSERT INTO CA_SMSME
	VALUES (4718595,
	5242890,
	5242882);
INSERT INTO CA_ACC
	VALUES (4718593,
	524291,
	4718601,
	0);
INSERT INTO CA_SMOA
	VALUES (4718593,
	524296,
	0);
INSERT INTO CA_SMOAA
	VALUES (4718593,
	524319,
	524296);
INSERT INTO CA_SMOAA
	VALUES (4718593,
	524324,
	524296);
INSERT INTO CA_SMOAA
	VALUES (4718593,
	524320,
	524296);
INSERT INTO CA_SMOAA
	VALUES (4718593,
	524318,
	524296);
INSERT INTO CA_SMOAA
	VALUES (4718593,
	524321,
	524296);
INSERT INTO CA_COMM
	VALUES (5242881,
	524291);
INSERT INTO CA_SMSMC
	VALUES (5242881,
	5242890,
	4718601,
	0);
INSERT INTO CA_SMSME
	VALUES (5242881,
	4718601,
	4718596);
INSERT INTO CA_ACC
	VALUES (5242881,
	524291,
	5242890,
	0);
INSERT INTO CA_SMOA
	VALUES (5242881,
	524297,
	0);
INSERT INTO CA_SMOAA
	VALUES (5242881,
	524329,
	524297);
INSERT INTO CA_SMOAA
	VALUES (5242881,
	524327,
	524297);
INSERT INTO CA_SMOAA
	VALUES (5242881,
	524328,
	524297);
INSERT INTO CA_SMOAA
	VALUES (5242881,
	524326,
	524297);
INSERT INTO CA_ACC
	VALUES (5242882,
	524291,
	5242890,
	0);
INSERT INTO CA_SMOA
	VALUES (5242882,
	524296,
	0);
INSERT INTO CA_SMOAA
	VALUES (5242882,
	524323,
	524296);
INSERT INTO CA_ACC
	VALUES (5242883,
	524291,
	5242890,
	0);
INSERT INTO CA_SMOA
	VALUES (5242883,
	524298,
	0);
INSERT INTO CA_SMOAA
	VALUES (5242883,
	524332,
	524298);
INSERT INTO CA_COMM
	VALUES (5767169,
	524291);
INSERT INTO CA_SMSMC
	VALUES (5767169,
	5767179,
	5767179,
	0);
INSERT INTO CA_SMSME
	VALUES (5767169,
	5767179,
	5767169);
INSERT INTO CA_SMSME
	VALUES (5767169,
	5767179,
	5767170);
INSERT INTO CA_SMSME
	VALUES (5767169,
	5767179,
	5767172);
INSERT INTO CA_COMM
	VALUES (5767170,
	524291);
INSERT INTO CA_SMSMC
	VALUES (5767170,
	5767179,
	4718601,
	0);
INSERT INTO CA_SMSME
	VALUES (5767170,
	4718601,
	4718594);
INSERT INTO CA_ACC
	VALUES (5767169,
	524291,
	5767179,
	0);
INSERT INTO CA_SMOA
	VALUES (5767169,
	524296,
	0);
INSERT INTO CA_SMOAA
	VALUES (5767169,
	524324,
	524296);
INSERT INTO CA_ACC
	VALUES (5767170,
	524291,
	5767179,
	0);
INSERT INTO CA_SMOA
	VALUES (5767170,
	524297,
	0);
INSERT INTO CA_SMOAA
	VALUES (5767170,
	524330,
	524297);
INSERT INTO CA_COMM
	VALUES (6291458,
	524291);
INSERT INTO CA_SMSMC
	VALUES (6291458,
	6291468,
	4718601,
	0);
INSERT INTO CA_SMSME
	VALUES (6291458,
	4718601,
	4718593);
INSERT INTO CA_ACC
	VALUES (6291460,
	524291,
	6291468,
	0);
INSERT INTO CA_SMOA
	VALUES (6291460,
	524295,
	0);
INSERT INTO CA_SMOAA
	VALUES (6291460,
	524314,
	524295);
INSERT INTO CA_SMOAA
	VALUES (6291460,
	524316,
	524295);
INSERT INTO CA_ACC
	VALUES (6291461,
	524291,
	6291468,
	0);
INSERT INTO CA_SMOA
	VALUES (6291461,
	524296,
	0);
INSERT INTO CA_SMOAA
	VALUES (6291461,
	524318,
	524296);
INSERT INTO CA_SMOAA
	VALUES (6291461,
	524319,
	524296);
INSERT INTO CA_SMOAA
	VALUES (6291461,
	524321,
	524296);
INSERT INTO CA_SMOAA
	VALUES (6291461,
	524323,
	524296);
INSERT INTO CA_SMOAA
	VALUES (6291461,
	524324,
	524296);
INSERT INTO CA_ACC
	VALUES (6291462,
	524291,
	6291468,
	0);
INSERT INTO CA_SMOA
	VALUES (6291462,
	524297,
	0);
INSERT INTO CA_SMOAA
	VALUES (6291462,
	524326,
	524297);
INSERT INTO CA_SMOAA
	VALUES (6291462,
	524327,
	524297);
INSERT INTO CA_SMOAA
	VALUES (6291462,
	524328,
	524297);
INSERT INTO CA_SMOAA
	VALUES (6291462,
	524329,
	524297);
INSERT INTO CA_SMOAA
	VALUES (6291462,
	524330,
	524297);
INSERT INTO CA_COMM
	VALUES (6815745,
	524291);
INSERT INTO CA_SMSMC
	VALUES (6815745,
	6815757,
	4194312,
	0);
INSERT INTO CA_SMSME
	VALUES (6815745,
	4194312,
	4194306);
INSERT INTO CA_COMM
	VALUES (6815746,
	524291);
INSERT INTO CA_SMSMC
	VALUES (6815746,
	6815757,
	5242890,
	0);
INSERT INTO CA_SMSME
	VALUES (6815746,
	5242890,
	5242883);
INSERT INTO CA_ACC
	VALUES (6815746,
	524291,
	6815757,
	0);
INSERT INTO CA_SMOA
	VALUES (6815746,
	524300,
	0);
INSERT INTO CA_SMOAA
	VALUES (6815746,
	524337,
	524300);
INSERT INTO CA_EESMC
	VALUES (524307,
	524292,
	524295,
	5242890);
INSERT INTO CA_COMM
	VALUES (524307,
	524291);
INSERT INTO CA_EESME
	VALUES (524307,
	5242890,
	5242883);
INSERT INTO CA_EESMC
	VALUES (524308,
	524291,
	524294,
	4194312);
INSERT INTO CA_COMM
	VALUES (524308,
	524291);
INSERT INTO CA_EESME
	VALUES (524308,
	4194312,
	4194306);
INSERT INTO GD_MD
	VALUES (524384,
	5,
	524291,
	11);
INSERT INTO GD_GE
	VALUES (524387,
	524384,
	524295,
	21);
INSERT INTO GD_SHP
	VALUES (524387,
	1744,
	1136,
	1952,
	1312);
INSERT INTO GD_GE
	VALUES (524388,
	524384,
	524296,
	21);
INSERT INTO GD_SHP
	VALUES (524388,
	1744,
	1472,
	1952,
	1696);
INSERT INTO GD_GE
	VALUES (524389,
	524384,
	524297,
	21);
INSERT INTO GD_SHP
	VALUES (524389,
	2304,
	1392,
	2528,
	1584);
INSERT INTO GD_GE
	VALUES (524390,
	524384,
	524298,
	21);
INSERT INTO GD_SHP
	VALUES (524390,
	2016,
	1296,
	2240,
	1392);
INSERT INTO GD_GE
	VALUES (524391,
	524384,
	524299,
	21);
INSERT INTO GD_SHP
	VALUES (524391,
	2304,
	1168,
	2528,
	1296);
INSERT INTO GD_GE
	VALUES (524392,
	524384,
	524300,
	21);
INSERT INTO GD_SHP
	VALUES (524392,
	2016,
	1552,
	2240,
	1696);
INSERT INTO GD_GE
	VALUES (524455,
	524384,
	524291,
	24);
INSERT INTO GD_CON
	VALUES (524455,
	524387,
	524388,
	0);
INSERT INTO GD_CTXT
	VALUES (524455,
	1836,
	1310,
	1936,
	1340,
	37,
	9,
	1824,
	1368,
	1874,
	1398,
	0,
	-1,
	1757,
	1444,
	1857,
	1474,
	-42,
	7);
INSERT INTO GD_LS
	VALUES (524456,
	524455,
	1840,
	1312,
	1840,
	1472,
	0);
INSERT INTO GD_GE
	VALUES (524457,
	524384,
	524292,
	24);
INSERT INTO GD_CON
	VALUES (524457,
	524388,
	524389,
	524458);
INSERT INTO GD_CTXT
	VALUES (524457,
	1958,
	1482,
	2058,
	1512,
	36,
	3,
	2096,
	1465,
	2146,
	1495,
	-7,
	-7,
	2210,
	1513,
	2310,
	1543,
	-24,
	34);
INSERT INTO GD_LS
	VALUES (524458,
	524457,
	1952,
	1504,
	2304,
	1504,
	0);
INSERT INTO GD_GE
	VALUES (524459,
	524384,
	0,
	-1);
INSERT INTO GD_CON
	VALUES (524459,
	524390,
	524457,
	0);
INSERT INTO GD_CTXT
	VALUES (524459,
	0,
	0,
	0,
	0,
	0,
	0,
	0,
	0,
	0,
	0,
	0,
	0,
	0,
	0,
	0,
	0,
	0,
	0);
INSERT INTO GD_LS
	VALUES (524460,
	524459,
	2128,
	1392,
	2128,
	1504,
	0);
INSERT INTO GD_MD
	VALUES (524385,
	6,
	524291,
	11);
INSERT INTO GD_GE
	VALUES (524393,
	524385,
	524295,
	21);
INSERT INTO GD_SHP
	VALUES (524393,
	1648,
	1456,
	1840,
	1520);
INSERT INTO GD_GE
	VALUES (524394,
	524385,
	524297,
	21);
INSERT INTO GD_SHP
	VALUES (524394,
	2288,
	1456,
	2480,
	1520);
INSERT INTO GD_GE
	VALUES (524395,
	524385,
	5767179,
	40);
INSERT INTO GD_SHP
	VALUES (524395,
	1952,
	1568,
	2144,
	1632);
INSERT INTO GD_GE
	VALUES (524396,
	524385,
	524299,
	21);
INSERT INTO GD_SHP
	VALUES (524396,
	1968,
	1040,
	2160,
	1104);
INSERT INTO GD_GE
	VALUES (524397,
	524385,
	524296,
	21);
INSERT INTO GD_SHP
	VALUES (524397,
	1968,
	1168,
	2160,
	1232);
INSERT INTO GD_GE
	VALUES (524398,
	524385,
	524300,
	21);
INSERT INTO GD_SHP
	VALUES (524398,
	1952,
	1664,
	2144,
	1728);
INSERT INTO GD_GE
	VALUES (524461,
	524385,
	524292,
	27);
INSERT INTO GD_SHP
	VALUES (524461,
	2304,
	1584,
	2464,
	1632);
INSERT INTO GD_GE
	VALUES (524462,
	524385,
	524291,
	27);
INSERT INTO GD_SHP
	VALUES (524462,
	1664,
	1584,
	1824,
	1632);
INSERT INTO GD_GE
	VALUES (524399,
	524385,
	524371,
	1005);
INSERT INTO GD_CON
	VALUES (524399,
	524393,
	524395,
	0);
INSERT INTO GD_CTXT
	VALUES (524399,
	0,
	0,
	0,
	0,
	0,
	0,
	1811,
	1452,
	2025,
	1488,
	-252,
	-80,
	0,
	0,
	0,
	0,
	0,
	0);
INSERT INTO GD_LS
	VALUES (524400,
	524399,
	1728,
	1520,
	1952,
	1568,
	0);
INSERT INTO GD_GE
	VALUES (524401,
	524385,
	524373,
	1005);
INSERT INTO GD_CON
	VALUES (524401,
	524395,
	524393,
	0);
INSERT INTO GD_CTXT
	VALUES (524401,
	0,
	0,
	0,
	0,
	0,
	0,
	2032,
	1411,
	2166,
	1447,
	-71,
	-119,
	0,
	0,
	0,
	0,
	0,
	0);
INSERT INTO GD_LS
	VALUES (524402,
	524401,
	1984,
	1568,
	1776,
	1520,
	0);
INSERT INTO GD_GE
	VALUES (524403,
	524385,
	524379,
	1005);
INSERT INTO GD_CON
	VALUES (524403,
	524395,
	524394,
	0);
INSERT INTO GD_CTXT
	VALUES (524403,
	0,
	0,
	0,
	0,
	0,
	0,
	2268,
	1508,
	2398,
	1543,
	-13,
	-27,
	0,
	0,
	0,
	0,
	0,
	0);
INSERT INTO GD_LS
	VALUES (524404,
	524403,
	2080,
	1568,
	2416,
	1520,
	0);
INSERT INTO GD_GE
	VALUES (524405,
	524385,
	524381,
	1005);
INSERT INTO GD_CON
	VALUES (524405,
	524394,
	524395,
	0);
INSERT INTO GD_CTXT
	VALUES (524405,
	0,
	0,
	0,
	0,
	0,
	0,
	2104,
	1510,
	2268,
	1545,
	-127,
	-23,
	0,
	0,
	0,
	0,
	0,
	0);
INSERT INTO GD_LS
	VALUES (524406,
	524405,
	2368,
	1520,
	2032,
	1568,
	0);
INSERT INTO GD_GE
	VALUES (524407,
	524385,
	524393,
	1005);
INSERT INTO GD_CON
	VALUES (524407,
	524396,
	524395,
	0);
INSERT INTO GD_CTXT
	VALUES (524407,
	0,
	0,
	0,
	0,
	0,
	0,
	2390,
	1582,
	2557,
	1621,
	-26,
	43,
	0,
	0,
	0,
	0,
	0,
	0);
INSERT INTO GD_LS
	VALUES (524408,
	524407,
	2096,
	1104,
	2080,
	1568,
	0);
INSERT INTO GD_GE
	VALUES (524409,
	524385,
	524633,
	1005);
INSERT INTO GD_CON
	VALUES (524409,
	524397,
	524393,
	0);
INSERT INTO GD_CTXT
	VALUES (524409,
	0,
	0,
	0,
	0,
	0,
	0,
	1853,
	1336,
	1998,
	1370,
	-1,
	0,
	0,
	0,
	0,
	0,
	0,
	0);
INSERT INTO GD_LS
	VALUES (524410,
	524409,
	1984,
	1232,
	1760,
	1456,
	0);
INSERT INTO GD_GE
	VALUES (524411,
	524385,
	524635,
	1005);
INSERT INTO GD_CON
	VALUES (524411,
	524393,
	524397,
	0);
INSERT INTO GD_CTXT
	VALUES (524411,
	0,
	0,
	0,
	0,
	0,
	0,
	1625,
	1328,
	1828,
	1373,
	-197,
	8,
	0,
	0,
	0,
	0,
	0,
	0);
INSERT INTO GD_LS
	VALUES (524412,
	524411,
	1712,
	1456,
	1968,
	1200,
	0);
INSERT INTO GD_GE
	VALUES (524413,
	524385,
	524637,
	1005);
INSERT INTO GD_CON
	VALUES (524413,
	524397,
	524394,
	0);
INSERT INTO GD_CTXT
	VALUES (524413,
	0,
	0,
	0,
	0,
	0,
	0,
	2295,
	1338,
	2476,
	1375,
	25,
	32,
	0,
	0,
	0,
	0,
	0,
	0);
INSERT INTO GD_LS
	VALUES (524414,
	524413,
	2160,
	1200,
	2416,
	1456,
	0);
INSERT INTO GD_GE
	VALUES (524415,
	524385,
	524639,
	1005);
INSERT INTO GD_CON
	VALUES (524415,
	524394,
	524397,
	0);
INSERT INTO GD_CTXT
	VALUES (524415,
	0,
	0,
	0,
	0,
	0,
	0,
	2084,
	1338,
	2241,
	1371,
	-130,
	15,
	0,
	0,
	0,
	0,
	0,
	0);
INSERT INTO GD_LS
	VALUES (524416,
	524415,
	2368,
	1456,
	2144,
	1232,
	0);
INSERT INTO GD_GE
	VALUES (524417,
	524385,
	524641,
	1005);
INSERT INTO GD_CON
	VALUES (524417,
	524397,
	524395,
	0);
INSERT INTO GD_CTXT
	VALUES (524417,
	0,
	0,
	0,
	0,
	0,
	0,
	2080,
	1413,
	2223,
	1447,
	16,
	28,
	0,
	0,
	0,
	0,
	0,
	0);
INSERT INTO GD_LS
	VALUES (524418,
	524417,
	2080,
	1232,
	2080,
	1568,
	0);
INSERT INTO GD_GE
	VALUES (524419,
	524385,
	524643,
	1005);
INSERT INTO GD_CON
	VALUES (524419,
	524395,
	524397,
	0);
INSERT INTO GD_CTXT
	VALUES (524419,
	0,
	0,
	0,
	0,
	0,
	0,
	1926,
	1412,
	2044,
	1471,
	-90,
	27,
	0,
	0,
	0,
	0,
	0,
	0);
INSERT INTO GD_LS
	VALUES (524420,
	524419,
	2032,
	1568,
	2032,
	1232,
	0);
INSERT INTO GD_GE
	VALUES (524421,
	524385,
	524647,
	1005);
INSERT INTO GD_CON
	VALUES (524421,
	524396,
	524397,
	0);
INSERT INTO GD_CTXT
	VALUES (524421,
	0,
	0,
	0,
	0,
	0,
	0,
	2046,
	1117,
	2209,
	1163,
	-2,
	-4,
	0,
	0,
	0,
	0,
	0,
	0);
INSERT INTO GD_LS
	VALUES (524422,
	524421,
	2064,
	1104,
	2064,
	1168,
	0);
INSERT INTO GD_GE
	VALUES (524463,
	524385,
	524307,
	28);
INSERT INTO GD_CON
	VALUES (524463,
	524461,
	524394,
	0);
INSERT INTO GD_CTXT
	VALUES (524463,
	0,
	0,
	0,
	0,
	0,
	0,
	2293,
	1524,
	2475,
	1560,
	-75,
	-5,
	0,
	0,
	0,
	0,
	0,
	0);
INSERT INTO GD_LS
	VALUES (524464,
	524463,
	2384,
	1584,
	2384,
	1520,
	0);
INSERT INTO GD_GE
	VALUES (524465,
	524385,
	524308,
	28);
INSERT INTO GD_CON
	VALUES (524465,
	524462,
	524393,
	0);
INSERT INTO GD_CTXT
	VALUES (524465,
	0,
	0,
	0,
	0,
	0,
	0,
	1683,
	1538,
	1778,
	1572,
	-45,
	1,
	0,
	0,
	0,
	0,
	0,
	0);
INSERT INTO GD_LS
	VALUES (524466,
	524465,
	1744,
	1584,
	1744,
	1520,
	0);
INSERT INTO GD_MD
	VALUES (524386,
	7,
	524291,
	11);
INSERT INTO GD_GE
	VALUES (524423,
	524386,
	524295,
	21);
INSERT INTO GD_SHP
	VALUES (524423,
	1712,
	1168,
	1904,
	1232);
INSERT INTO GD_GE
	VALUES (524424,
	524386,
	524296,
	21);
INSERT INTO GD_SHP
	VALUES (524424,
	1744,
	1392,
	1936,
	1456);
INSERT INTO GD_GE
	VALUES (524425,
	524386,
	524297,
	21);
INSERT INTO GD_SHP
	VALUES (524425,
	2144,
	1568,
	2336,
	1632);
INSERT INTO GD_GE
	VALUES (524426,
	524386,
	524298,
	21);
INSERT INTO GD_SHP
	VALUES (524426,
	2144,
	1680,
	2336,
	1744);
INSERT INTO GD_GE
	VALUES (524427,
	524386,
	5767179,
	40);
INSERT INTO GD_SHP
	VALUES (524427,
	1696,
	1568,
	1888,
	1632);
INSERT INTO GD_GE
	VALUES (524428,
	524386,
	524299,
	21);
INSERT INTO GD_SHP
	VALUES (524428,
	2144,
	1168,
	2336,
	1232);
INSERT INTO GD_GE
	VALUES (524429,
	524386,
	524300,
	21);
INSERT INTO GD_SHP
	VALUES (524429,
	1824,
	1680,
	2016,
	1744);
INSERT INTO GD_GE
	VALUES (524430,
	524386,
	524405,
	1005);
INSERT INTO GD_CON
	VALUES (524430,
	524427,
	524423,
	0);
INSERT INTO GD_CTXT
	VALUES (524430,
	0,
	0,
	0,
	0,
	0,
	0,
	1632,
	1527,
	1732,
	1560,
	-80,
	142,
	0,
	0,
	0,
	0,
	0,
	0);
INSERT INTO GD_LS
	VALUES (524431,
	524430,
	1728,
	1568,
	1728,
	1232,
	0);
INSERT INTO GD_GE
	VALUES (524432,
	524386,
	524409,
	1005);
INSERT INTO GD_CON
	VALUES (524432,
	524427,
	524424,
	0);
INSERT INTO GD_CTXT
	VALUES (524432,
	0,
	0,
	0,
	0,
	0,
	0,
	1833,
	1509,
	1964,
	1587,
	16,
	15,
	0,
	0,
	0,
	0,
	0,
	0);
INSERT INTO GD_LS
	VALUES (524433,
	524432,
	1856,
	1568,
	1856,
	1456,
	0);
INSERT INTO GD_GE
	VALUES (524434,
	524386,
	524413,
	1005);
INSERT INTO GD_CON
	VALUES (524434,
	524427,
	524425,
	0);
INSERT INTO GD_CTXT
	VALUES (524434,
	0,
	0,
	0,
	0,
	0,
	0,
	1826,
	1620,
	2021,
	1654,
	-165,
	29,
	0,
	0,
	0,
	0,
	0,
	0);
INSERT INTO GD_LS
	VALUES (524435,
	524434,
	1888,
	1616,
	2144,
	1616,
	0);
INSERT INTO GD_GE
	VALUES (524436,
	524386,
	524447,
	1005);
INSERT INTO GD_CON
	VALUES (524436,
	524425,
	524426,
	0);
INSERT INTO GD_CTXT
	VALUES (524436,
	0,
	0,
	0,
	0,
	0,
	0,
	2209,
	1633,
	2312,
	1667,
	1,
	-8,
	0,
	0,
	0,
	0,
	0,
	0);
INSERT INTO GD_LS
	VALUES (524437,
	524436,
	2224,
	1632,
	2224,
	1680,
	0);
INSERT INTO GD_GE
	VALUES (524438,
	524386,
	524455,
	1005);
INSERT INTO GD_CON
	VALUES (524438,
	524428,
	524423,
	0);
INSERT INTO GD_CTXT
	VALUES (524438,
	0,
	0,
	0,
	0,
	0,
	0,
	1939,
	1134,
	2113,
	1194,
	-60,
	-25,
	0,
	0,
	0,
	0,
	0,
	0);
INSERT INTO GD_LS
	VALUES (524439,
	524438,
	2144,
	1184,
	1904,
	1184,
	0);
INSERT INTO GD_GE
	VALUES (524440,
	524386,
	524459,
	1005);
INSERT INTO GD_CON
	VALUES (524440,
	524428,
	524424,
	0);
INSERT INTO GD_CTXT
	VALUES (524440,
	0,
	0,
	0,
	0,
	0,
	0,
	2063,
	1254,
	2245,
	1321,
	74,
	-42,
	0,
	0,
	0,
	0,
	0,
	0);
INSERT INTO GD_LS
	VALUES (524441,
	524440,
	2144,
	1216,
	1936,
	1392,
	0);
INSERT INTO GD_GE
	VALUES (524442,
	524386,
	524463,
	1005);
INSERT INTO GD_CON
	VALUES (524442,
	524428,
	524425,
	0);
INSERT INTO GD_CTXT
	VALUES (524442,
	0,
	0,
	0,
	0,
	0,
	0,
	2278,
	1342,
	2396,
	1429,
	22,
	-3,
	0,
	0,
	0,
	0,
	0,
	0);
INSERT INTO GD_LS
	VALUES (524443,
	524442,
	2272,
	1232,
	2272,
	1568,
	0);
INSERT INTO GD_GE
	VALUES (524444,
	524386,
	524477,
	1005);
INSERT INTO GD_CON
	VALUES (524444,
	524423,
	524425,
	0);
INSERT INTO GD_CTXT
	VALUES (524444,
	0,
	0,
	0,
	0,
	0,
	0,
	1835,
	1255,
	1939,
	1287,
	-195,
	-124,
	0,
	0,
	0,
	0,
	0,
	0);
INSERT INTO GD_LS
	VALUES (524445,
	524444,
	1904,
	1232,
	2192,
	1568,
	0);
INSERT INTO GD_GE
	VALUES (524446,
	524386,
	524489,
	1005);
INSERT INTO GD_CON
	VALUES (524446,
	524425,
	524424,
	0);
INSERT INTO GD_CTXT
	VALUES (524446,
	0,
	0,
	0,
	0,
	0,
	0,
	2046,
	1571,
	2145,
	1604,
	26,
	82,
	0,
	0,
	0,
	0,
	0,
	0);
INSERT INTO GD_LS
	VALUES (524447,
	524446,
	2144,
	1584,
	1936,
	1440,
	0);
INSERT INTO GD_MD
	VALUES (524289,
	1,
	166690,
	1);
INSERT INTO GD_GE
	VALUES (524448,
	524289,
	524291,
	11);
INSERT INTO GD_SHP
	VALUES (524448,
	1920,
	1312,
	2080,
	1408);
INSERT INTO GD_GE
	VALUES (524449,
	524289,
	524293,
	12);
INSERT INTO GD_SHP
	VALUES (524449,
	1920,
	1632,
	2080,
	1728);
INSERT INTO GD_GE
	VALUES (524450,
	524289,
	524294,
	12);
INSERT INTO GD_SHP
	VALUES (524450,
	1728,
	1424,
	1888,
	1536);
INSERT INTO GD_GE
	VALUES (524451,
	524289,
	524295,
	12);
INSERT INTO GD_SHP
	VALUES (524451,
	2144,
	1424,
	2304,
	1552);
INSERT INTO GD_MD
	VALUES (524290,
	2,
	166690,
	1);
INSERT INTO GD_GE
	VALUES (524452,
	524290,
	524291,
	11);
INSERT INTO GD_SHP
	VALUES (524452,
	1920,
	1344,
	2080,
	1440);
INSERT INTO GD_MD
	VALUES (524291,
	3,
	166690,
	1);
INSERT INTO GD_GE
	VALUES (524453,
	524291,
	524291,
	11);
INSERT INTO GD_SHP
	VALUES (524453,
	1920,
	1344,
	2080,
	1440);
INSERT INTO GD_MD
	VALUES (524292,
	4,
	166690,
	1);
INSERT INTO GD_GE
	VALUES (524454,
	524292,
	524291,
	11);
INSERT INTO GD_SHP
	VALUES (524454,
	1920,
	1344,
	2080,
	1440);
